order_id,customer_id,order_status,order_date,required_date,shipped_date,store_id,staff_id,order_total
1,259,4,2016-01-01,2016-01-03,2016-01-03,1,2,10231.0464
2,1212,4,2016-01-01,2016-01-04,2016-01-03,2,6,1697.9717
3,523,4,2016-01-02,2016-01-05,2016-01-03,2,7,1519.981
4,175,4,2016-01-03,2016-01-04,2016-01-05,1,3,1349.982
5,1324,4,2016-01-03,2016-01-06,2016-01-06,2,6,3900.0607
6,94,4,,,,2,6,9442.504799999999
7,324,4,,,,2,6,2165.0816999999997
8,1204,4,,,,2,7,1372.4719
9,60,4,,,,1,2,7199.982
10,442,4,,,,2,6,242.991
11,1326,4,,,,2,7,3155.9565000000002
12,91,4,,,,1,2,6816.9225
13,873,4,2016-01-08,2016-01-11,2016-01-11,2,6,3278.054
14,258,4,2016-01-09,2016-01-11,2016-01-12,1,3,437.09069999999997
15,450,4,2016-01-09,2016-01-10,2016-01-12,2,7,4030.0561
16,552,4,2016-01-12,2016-01-15,2016-01-15,1,3,2449.7546
17,1175,4,2016-01-12,2016-01-14,2016-01-14,1,3,4092.8567
18,541,4,2016-01-14,2016-01-17,2016-01-15,1,3,11406.4285
19,696,4,2016-01-14,2016-01-17,2016-01-16,1,2,6240.553999999999
20,923,4,2016-01-14,2016-01-16,2016-01-17,1,2,5671.1307
21,1250,4,2016-01-15,2016-01-16,2016-01-18,2,6,2083.1605
22,1035,4,2016-01-16,2016-01-18,2016-01-17,1,2,1104.4745
23,1149,4,2016-01-16,2016-01-19,2016-01-19,1,2,6265.955
24,636,4,2016-01-18,2016-01-20,2016-01-19,2,7,2635.122
25,657,4,2016-01-18,2016-01-21,2016-01-21,2,6,3633.359
26,1280,4,2016-01-18,2016-01-21,2016-01-19,2,7,5342.1559
27,57,4,2016-01-19,2016-01-21,2016-01-20,2,7,4205.9641
28,252,4,2016-01-19,2016-01-20,2016-01-21,2,6,8587.397
29,437,4,2016-01-20,2016-01-22,2016-01-21,2,6,3859.928
30,1348,4,2016-01-20,2016-01-21,2016-01-21,2,6,11183.0335
31,1238,4,2016-01-20,2016-01-22,2016-01-22,3,8,7993.865
32,1259,4,2016-01-21,2016-01-24,2016-01-22,1,3,5270.944799999999
33,236,4,2016-01-21,2016-01-22,2016-01-22,2,6,4157.9724
34,80,4,2016-01-22,2016-01-25,2016-01-23,2,6,6822.5814
35,813,4,2016-01-22,2016-01-25,2016-01-24,2,7,3376.5951
36,1321,4,2016-01-23,2016-01-24,2016-01-24,2,6,5644.9151999999995
37,164,4,2016-01-25,2016-01-28,2016-01-26,2,6,1139.981
38,583,4,2016-01-25,2016-01-27,2016-01-26,2,7,11578.6544
39,1296,4,2016-01-25,2016-01-26,2016-01-26,2,7,3768.94
40,348,4,2016-01-27,2016-01-28,2016-01-29,1,3,3223.184
41,979,4,2016-01-27,2016-01-30,2016-01-29,2,6,2867.275
42,1095,4,2016-01-27,2016-01-28,2016-01-30,2,7,426.54999999999995
43,1434,4,2016-01-27,2016-01-28,2016-01-30,2,7,1530.963
44,861,4,2016-01-28,2016-01-31,2016-01-30,2,7,4169.9815
45,1220,4,2016-01-28,2016-01-31,2016-01-31,2,7,5404.055699999999
46,746,4,2016-01-29,2016-01-31,2016-01-31,2,7,386.1
47,1234,4,2016-01-29,2016-01-30,2016-01-31,2,7,2069.4549
48,1012,4,2016-01-30,2016-02-01,2016-02-02,2,7,6712.8464
49,608,4,2016-01-31,2016-02-01,2016-02-02,2,6,502.1814
50,872,4,2016-01-31,2016-02-03,2016-02-02,3,8,2497.9559
51,1047,4,2016-02-01,2016-02-02,2016-02-03,2,7,1786.4650000000001
52,767,4,2016-02-03,2016-02-04,2016-02-05,1,2,464.9907
53,965,4,2016-02-03,2016-02-04,2016-02-05,2,6,4781.9310000000005
54,535,4,2016-02-04,2016-02-07,2016-02-07,2,7,1759.976
55,1173,4,2016-02-04,2016-02-07,2016-02-06,2,6,1904.4585000000002
56,1241,4,2016-02-04,2016-02-06,2016-02-07,2,6,1115.9814
57,1305,4,2016-02-04,2016-02-06,2016-02-06,2,7,1509.4727000000003
58,504,4,2016-02-05,2016-02-07,2016-02-07,2,6,1200.542
59,563,4,2016-02-05,2016-02-07,2016-02-06,2,7,1703.6815000000001
60,151,4,2016-02-06,2016-02-08,2016-02-07,1,3,3831.8547
61,277,4,2016-02-06,2016-02-09,2016-02-09,2,7,3570.5560000000005
62,208,4,2016-02-07,2016-02-10,2016-02-10,1,2,3977.0547
63,1075,4,2016-02-07,2016-02-09,2016-02-09,2,7,2653.073
64,1185,4,2016-02-07,2016-02-08,2016-02-09,2,6,2801.9320000000002
65,996,4,2016-02-08,2016-02-09,2016-02-11,2,6,494.99100000000004
66,1253,4,2016-02-09,2016-02-12,2016-02-12,2,7,1390.4734
67,526,4,2016-02-09,2016-02-11,2016-02-10,3,8,4422.9400000000005
68,381,4,2016-02-10,2016-02-11,2016-02-13,2,6,888.2814000000001
69,1413,4,2016-02-10,2016-02-12,2016-02-11,2,7,3014.324
70,50,3,2016-02-11,2016-02-11,,3,9,2829.1715
71,797,4,2016-02-11,2016-02-14,2016-02-12,2,7,1984.073
72,1386,4,2016-02-12,2016-02-15,2016-02-13,1,2,1806.4125
73,612,4,2016-02-12,2016-02-15,2016-02-14,2,7,4196.0278
74,264,4,2016-02-13,2016-02-15,2016-02-15,2,7,1577.0717
75,587,4,2016-02-14,2016-02-15,2016-02-17,2,6,8763.964399999999
76,9,3,2016-02-16,2016-02-16,,2,6,4776.7932
77,385,4,2016-02-16,2016-02-19,2016-02-19,1,2,2427.9567
78,1182,4,2016-02-16,2016-02-18,2016-02-19,2,7,2052.3520000000003
79,529,4,2016-02-17,2016-02-20,2016-02-20,1,3,7568.0544
80,397,4,2016-02-17,2016-02-20,2016-02-19,2,6,1378.182
81,521,4,2016-02-17,2016-02-19,2016-02-18,2,6,3998.362
82,1223,4,2016-02-18,2016-02-21,2016-02-20,2,6,3589.5660000000003
83,393,4,2016-02-19,2016-02-20,2016-02-20,1,3,2379.973
84,317,4,2016-02-20,2016-02-22,2016-02-21,2,7,1543.7628
85,1174,4,2016-02-20,2016-02-23,2016-02-21,2,7,5927.5509999999995
86,276,4,2016-02-21,2016-02-22,2016-02-23,2,7,6866.9384
87,516,4,2016-02-21,2016-02-22,2016-02-23,2,6,1499.9660000000001
88,1069,4,2016-02-21,2016-02-22,2016-02-23,2,6,8280.543
89,668,4,2016-02-21,2016-02-24,2016-02-24,3,8,2100.9225
90,414,4,2016-02-23,2016-02-25,2016-02-24,2,7,1337.0817
91,648,4,2016-02-25,2016-02-27,2016-02-28,1,2,3475.8443
92,1309,4,2016-02-25,2016-02-28,2016-02-28,2,7,1619.991
93,1328,4,2016-02-26,2016-02-28,2016-02-27,1,3,4633.8544
94,929,4,2016-02-27,2016-02-28,2016-02-29,1,2,4689.4559
95,218,4,2016-02-27,2016-02-29,2016-02-28,2,7,6902.465
96,1094,4,2016-02-27,2016-02-29,2016-02-28,2,7,824.9815
97,204,4,2016-02-28,2016-02-29,2016-03-01,2,7,2813.5587
98,1194,4,2016-02-28,2016-02-29,2016-02-29,2,6,1692.5370000000003
99,1165,4,2016-02-29,2016-03-01,2016-03-03,3,9,9301.9304
100,1237,4,2016-03-01,2016-03-04,2016-03-03,2,7,12420.713
101,271,4,2016-03-01,2016-03-04,2016-03-04,3,8,879.984
102,336,4,2016-03-02,2016-03-05,2016-03-03,2,7,754.5812
103,991,4,2016-03-03,2016-03-06,2016-03-05,1,2,8062.1245
104,7,4,2016-03-03,2016-03-05,2016-03-05,2,7,1378.1905000000002
105,306,4,2016-03-03,2016-03-05,2016-03-04,2,7,6489.5650000000005
106,422,4,2016-03-04,2016-03-05,2016-03-05,3,9,872.0820000000001
107,633,4,2016-03-06,2016-03-09,2016-03-09,1,2,845.182
108,12,4,2016-03-06,2016-03-09,2016-03-07,2,6,3155.0534
109,1255,4,2016-03-06,2016-03-09,2016-03-09,2,6,923.0726999999999
110,677,4,2016-03-06,2016-03-08,2016-03-09,3,9,242.991
111,630,4,2016-03-07,2016-03-10,2016-03-10,2,6,1265.9723999999999
112,469,4,2016-03-08,2016-03-11,2016-03-10,2,6,3511.7384
113,1078,4,2016-03-08,2016-03-11,2016-03-11,2,6,4803.6301
114,1431,4,2016-03-08,2016-03-10,2016-03-11,2,7,1705.9632
115,1369,4,2016-03-09,2016-03-11,2016-03-11,2,7,620.0920000000001
116,471,4,2016-03-10,2016-03-11,2016-03-11,2,7,569.9905
117,740,4,2016-03-10,2016-03-13,2016-03-11,2,6,1644.5165
118,577,4,2016-03-12,2016-03-14,2016-03-13,1,2,5909.6148
119,925,4,2016-03-12,2016-03-14,2016-03-14,2,7,474.9905
120,327,4,2016-03-14,2016-03-15,2016-03-17,2,7,5716.596
121,755,4,2016-03-14,2016-03-15,2016-03-16,2,6,9210.7184
122,786,4,2016-03-14,2016-03-16,2016-03-15,2,6,539.991
123,766,4,2016-03-15,2016-03-18,2016-03-17,2,6,989.9820000000001
124,403,4,2016-03-16,2016-03-18,2016-03-17,1,3,10866.962199999998
125,685,4,2016-03-16,2016-03-19,2016-03-17,2,6,386.1
126,1365,4,2016-03-16,2016-03-18,2016-03-18,2,7,5699.981
127,484,4,2016-03-17,2016-03-18,2016-03-19,3,8,6332.9424
128,86,4,2016-03-18,2016-03-20,2016-03-21,2,6,8309.931999999999
129,84,4,2016-03-19,2016-03-21,2016-03-21,2,7,3104.091
130,1049,4,2016-03-19,2016-03-22,2016-03-20,2,6,3027.0319
131,316,4,2016-03-19,2016-03-22,2016-03-20,3,8,6815.9474
132,46,4,2016-03-20,2016-03-22,2016-03-23,1,3,4694.9625
133,409,4,2016-03-20,2016-03-22,2016-03-21,2,7,728.973
134,679,4,2016-03-20,2016-03-21,2016-03-21,2,7,3038.3214
135,1354,4,2016-03-21,2016-03-23,2016-03-23,2,7,4475.4635
136,1192,4,2016-03-21,2016-03-24,2016-03-23,3,8,8299.965
137,370,4,2016-03-23,2016-03-26,2016-03-25,2,7,521.9817
138,438,4,2016-03-23,2016-03-24,2016-03-25,2,7,1455.974
139,710,4,2016-03-23,2016-03-24,2016-03-26,2,7,1765.1307
140,1264,4,2016-03-23,2016-03-26,2016-03-26,2,7,2469.9585
141,557,4,2016-03-25,2016-03-27,2016-03-26,2,7,359.20000000000005
142,170,4,2016-03-26,2016-03-27,2016-03-27,1,3,4523.334
143,693,4,2016-03-26,2016-03-28,2016-03-28,2,7,375.992
144,1124,4,2016-03-26,2016-03-29,2016-03-29,2,7,3419.9809999999998
145,366,4,2016-03-27,2016-03-29,2016-03-30,2,6,6744.774
146,288,4,2016-03-28,2016-03-30,2016-03-30,1,3,4765.4287
147,55,4,2016-03-28,2016-03-31,2016-03-31,2,7,959.984
148,714,4,2016-03-28,2016-03-30,2016-03-30,2,6,256.4905
149,763,4,2016-03-28,2016-03-30,2016-03-29,2,6,1525.1627999999998
150,332,4,2016-03-29,2016-03-31,2016-04-01,1,2,5728.9344
151,926,4,2016-03-29,2016-04-01,2016-03-31,1,2,926.091
152,76,4,2016-03-29,2016-03-30,2016-03-30,2,6,2299.9494
153,498,4,2016-03-30,2016-04-02,2016-04-01,2,6,3238.9623999999994
154,1286,4,2016-03-31,2016-04-01,2016-04-01,1,2,494.99100000000004
155,371,4,2016-04-02,2016-04-03,2016-04-04,2,6,1619.991
156,357,4,2016-04-03,2016-04-06,2016-04-05,1,3,1970.5907
157,43,4,2016-04-03,2016-04-06,2016-04-06,3,8,10049.972399999999
158,117,3,2016-04-04,2016-04-04,,3,9,494.99100000000004
159,32,4,2016-04-04,2016-04-06,2016-04-06,1,2,215.99200000000002
160,205,4,2016-04-04,2016-04-06,2016-04-06,2,7,3642.0126
161,251,4,2016-04-04,2016-04-07,2016-04-05,2,7,8879.452899999998
162,31,4,2016-04-06,2016-04-08,2016-04-07,1,3,2719.7334
163,1325,4,2016-04-06,2016-04-07,2016-04-07,2,7,854.191
164,610,4,2016-04-07,2016-04-08,2016-04-09,2,7,8696.072
165,574,4,2016-04-08,2016-04-10,2016-04-10,1,3,6462.4635
166,338,4,2016-04-08,2016-04-11,2016-04-11,2,6,4132.992
167,1034,4,2016-04-08,2016-04-09,2016-04-11,2,7,9874.652499999998
168,1147,4,2016-04-09,2016-04-12,2016-04-11,1,3,5004.5978
169,99,4,2016-04-10,2016-04-11,2016-04-11,2,7,5431.8955000000005
170,1200,4,2016-04-10,2016-04-11,2016-04-13,2,7,5565.5645
171,237,4,2016-04-11,2016-04-14,2016-04-14,1,3,1709.9904999999999
172,1079,4,2016-04-11,2016-04-12,2016-04-14,2,7,758.9827
173,117,4,2016-04-11,2016-04-14,2016-04-13,3,8,1876.4635
174,1361,4,2016-04-12,2016-04-13,2016-04-15,2,7,1240.1840000000002
175,951,4,2016-04-13,2016-04-14,2016-04-14,2,6,3292.427
176,643,4,2016-04-15,2016-04-16,2016-04-17,2,7,5224.5464
177,121,4,2016-04-16,2016-04-19,2016-04-19,1,2,1079.982
178,756,4,2016-04-16,2016-04-17,2016-04-18,2,6,4318.4515
179,616,4,2016-04-17,2016-04-19,2016-04-19,2,6,3372.138
180,918,4,2016-04-17,2016-04-20,2016-04-19,2,7,557.9907
181,459,4,2016-04-18,2016-04-20,2016-04-20,1,3,4877.406
182,854,4,2016-04-18,2016-04-19,2016-04-20,2,6,1972.9624
183,22,4,2016-04-19,2016-04-20,2016-04-20,2,7,4551.1050000000005
184,134,4,2016-04-19,2016-04-21,2016-04-22,2,7,3751.874
185,24,3,2016-04-20,2016-04-20,,1,2,2249.9815
186,1127,4,2016-04-21,2016-04-22,2016-04-24,2,6,3032.982
187,183,4,2016-04-22,2016-04-23,2016-04-24,2,6,1254.9405
188,390,4,2016-04-22,2016-04-23,2016-04-25,2,6,7439.981399999999
189,1288,4,2016-04-23,2016-04-24,2016-04-26,1,2,959.984
190,98,4,2016-04-23,2016-04-25,2016-04-25,2,6,2546.4665000000005
191,919,4,2016-04-27,2016-04-28,2016-04-28,1,2,5989.9367
192,728,4,2016-04-27,2016-04-28,2016-04-29,2,7,7918.8446
193,1366,4,2016-04-28,2016-04-30,2016-04-30,1,3,989.9820000000001
194,558,4,2016-04-28,2016-04-30,2016-05-01,2,7,431.98400000000004
195,727,4,2016-04-28,2016-05-01,2016-05-01,2,7,7855.2405
196,1247,4,2016-04-28,2016-04-30,2016-05-01,2,6,6239.093599999999
197,127,4,2016-04-30,2016-05-03,2016-05-03,2,7,6034.965399999999
198,640,4,2016-05-01,2016-05-04,2016-05-03,2,6,5809.4774
199,760,4,2016-05-01,2016-05-04,2016-05-04,2,7,4105.112999999999
200,1074,4,2016-05-01,2016-05-03,2016-05-03,2,6,1072.1624
201,280,4,2016-05-01,2016-05-04,2016-05-02,3,9,4616.0145
202,600,4,2016-05-03,2016-05-05,2016-05-04,1,2,4038.5027
203,1102,4,2016-05-03,2016-05-05,2016-05-06,3,9,3891.5125
204,591,4,2016-05-04,2016-05-07,2016-05-06,2,7,1646.3814
205,635,4,2016-05-04,2016-05-05,2016-05-06,2,6,1502.9630000000002
206,743,4,2016-05-04,2016-05-06,2016-05-05,3,9,954.9825000000001
207,105,4,2016-05-05,2016-05-07,2016-05-07,2,7,12461.5479
208,815,4,2016-05-06,2016-05-07,2016-05-09,2,7,10620.044899999999
209,514,4,2016-05-07,2016-05-08,2016-05-08,2,6,242.991
210,943,4,2016-05-07,2016-05-08,2016-05-09,2,6,683.0747
211,1140,4,2016-05-07,2016-05-09,2016-05-08,2,6,2835.5514
212,1373,4,2016-05-08,2016-05-09,2016-05-11,2,6,5600.0574
213,788,4,2016-05-08,2016-05-09,2016-05-09,3,8,242.991
214,363,4,2016-05-10,2016-05-12,2016-05-11,2,6,242.991
215,1420,4,2016-05-10,2016-05-13,2016-05-12,2,7,1407.5520000000001
216,267,4,2016-05-11,2016-05-14,2016-05-13,1,3,1625.963
217,716,4,2016-05-11,2016-05-12,2016-05-14,2,7,3591.27
218,1179,4,2016-05-12,2016-05-14,2016-05-14,2,7,2123.5632
219,1338,4,2016-05-12,2016-05-15,2016-05-15,2,6,1626.7825000000003
220,1358,4,2016-05-12,2016-05-14,2016-05-15,2,6,3443.9377000000004
221,1218,4,2016-05-13,2016-05-16,2016-05-14,1,2,3126.6414
222,51,4,2016-05-13,2016-05-16,2016-05-14,2,6,2744.0820000000003
223,1368,4,2016-05-15,2016-05-16,2016-05-17,2,7,10216.235999999999
224,157,4,2016-05-17,2016-05-18,2016-05-19,1,3,6416.2632
225,307,4,2016-05-17,2016-05-20,2016-05-19,1,3,2942.982
226,501,4,2016-05-17,2016-05-19,2016-05-20,1,2,712.4905
227,489,4,2016-05-17,2016-05-18,2016-05-20,2,7,2853.963
228,615,4,2016-05-17,2016-05-20,2016-05-20,2,7,4911.4379
229,742,4,2016-05-19,2016-05-21,2016-05-20,2,6,4617.758
230,1167,4,2016-05-19,2016-05-20,2016-05-21,2,6,3126.6414
231,1257,4,2016-05-19,2016-05-22,2016-05-21,2,6,5893.5494
232,1360,4,2016-05-20,2016-05-23,2016-05-23,1,3,7967.4144
233,737,4,2016-05-21,2016-05-22,2016-05-24,2,6,2748.7464
234,1435,4,2016-05-22,2016-05-24,2016-05-24,2,6,8069.6565
235,649,4,2016-05-24,2016-05-25,2016-05-25,2,6,8550.052699999998
236,206,4,2016-05-25,2016-05-27,2016-05-26,2,6,8429.9454
237,1351,4,2016-05-25,2016-05-26,2016-05-27,2,7,2465.4572
238,1350,4,2016-05-26,2016-05-29,2016-05-29,2,6,6089.930399999999
239,13,3,2016-05-27,2016-05-27,,3,9,7404.5144
240,65,4,2016-05-27,2016-05-29,2016-05-30,2,6,6527.6421
241,1082,4,2016-05-27,2016-05-29,2016-05-29,2,7,3199.992
242,1168,4,2016-05-27,2016-05-30,2016-05-30,2,7,799.9920000000001
243,802,4,2016-05-27,2016-05-30,2016-05-28,3,8,9385.101999999999
244,956,4,2016-05-28,2016-05-29,2016-05-29,2,6,1060.553
245,223,4,2016-05-29,2016-05-31,2016-05-30,2,7,4563.091
246,17,3,2016-05-30,2016-05-30,,2,6,686.4000000000001
247,928,4,2016-05-30,2016-06-01,2016-06-01,1,3,1264.9827
248,1376,4,2016-05-30,2016-06-01,2016-05-31,2,7,4109.065
249,145,4,2016-06-01,2016-06-04,2016-06-04,2,6,8696.071999999998
250,150,4,2016-06-01,2016-06-02,2016-06-04,2,7,3840.882
251,851,4,2016-06-01,2016-06-04,2016-06-04,2,7,992.965
252,66,4,2016-06-01,2016-06-04,2016-06-02,3,8,6126.8727
253,1267,4,2016-06-02,2016-06-05,2016-06-05,2,6,3126.6414
254,510,4,2016-06-03,2016-06-06,2016-06-05,2,7,2346.6624
255,801,4,2016-06-03,2016-06-06,2016-06-05,2,7,4044.8487000000005
256,26,4,2016-06-04,2016-06-05,2016-06-07,2,7,1769.3815
257,1314,4,2016-06-05,2016-06-06,2016-06-08,1,3,7045.1564
258,107,4,2016-06-06,2016-06-07,2016-06-07,2,7,6961.0917
259,413,4,2016-06-06,2016-06-09,2016-06-09,2,7,5225.9475
260,632,4,2016-06-06,2016-06-08,2016-06-08,2,6,2599.168
261,1045,4,2016-06-08,2016-06-10,2016-06-09,1,2,2155.172
262,579,4,2016-06-08,2016-06-11,2016-06-10,3,9,6397.4717
263,1322,4,2016-06-09,2016-06-10,2016-06-12,2,6,5014.9637
264,5,3,2016-06-10,2016-06-10,,1,3,5098.1444
265,682,4,2016-06-10,2016-06-12,2016-06-11,2,7,4799.9839999999995
266,933,4,2016-06-10,2016-06-13,2016-06-13,2,7,1708.3719
267,282,4,2016-06-11,2016-06-14,2016-06-14,1,3,9163.428899999999
268,540,4,2016-06-11,2016-06-14,2016-06-12,1,3,7251.965499999999
269,764,4,2016-06-12,2016-06-13,2016-06-15,2,6,3163.0425999999998
270,879,4,2016-06-12,2016-06-15,2016-06-13,2,7,1276.9750000000001
271,350,4,2016-06-13,2016-06-16,2016-06-14,2,7,11462.5954
272,497,4,2016-06-15,2016-06-18,2016-06-16,2,7,2958.3021
273,1340,4,2016-06-16,2016-06-19,2016-06-17,2,7,242.991
274,411,4,2016-06-17,2016-06-20,2016-06-18,2,7,9673.8444
275,1341,4,2016-06-17,2016-06-19,2016-06-18,2,7,8476.521999999999
276,1227,4,2016-06-18,2016-06-19,2016-06-19,2,6,7587.5154
277,546,4,2016-06-19,2016-06-20,2016-06-20,2,7,2197.9500000000003
278,1301,4,2016-06-20,2016-06-23,2016-06-21,1,3,4692.8641
279,378,4,2016-06-21,2016-06-22,2016-06-22,2,6,464.9907
280,638,4,2016-06-21,2016-06-22,2016-06-23,2,7,1832.0628
281,800,4,2016-06-21,2016-06-22,2016-06-23,2,7,8177.0540999999985
282,159,4,2016-06-22,2016-06-25,2016-06-25,3,9,11013.9345
283,181,4,2016-06-23,2016-06-26,2016-06-26,1,2,3809.9745
284,1356,4,2016-06-23,2016-06-25,2016-06-25,2,7,1359.976
285,319,4,2016-06-25,2016-06-26,2016-06-27,1,2,2337.4625
286,59,4,2016-06-25,2016-06-26,2016-06-26,2,6,6142.1384
287,133,4,2016-06-25,2016-06-26,2016-06-27,2,6,3810.8230000000003
288,780,4,2016-06-25,2016-06-28,2016-06-28,2,6,11314.072999999999
289,849,4,2016-06-27,2016-06-28,2016-06-30,2,6,1034.2827
290,202,4,2016-06-28,2016-06-29,2016-06-30,2,6,4095.0137999999997
291,158,4,2016-06-29,2016-06-30,2016-07-01,2,6,1395.1624
292,360,4,2016-06-29,2016-06-30,2016-07-02,3,9,6448.2907
293,573,4,2016-06-30,2016-07-03,2016-07-02,2,7,1229.0919999999999
294,732,4,2016-07-01,2016-07-02,2016-07-02,2,7,8975.157
295,1130,4,2016-07-01,2016-07-04,2016-07-04,2,7,502.1814
296,1245,4,2016-07-04,2016-07-07,2016-07-06,2,6,7345.7374
297,1425,4,2016-07-04,2016-07-05,2016-07-06,2,7,4639.9839999999995
298,885,4,2016-07-04,2016-07-07,2016-07-07,3,9,4624.9377
299,281,4,2016-07-05,2016-07-06,2016-07-07,2,6,5672.281
300,1205,4,2016-07-05,2016-07-08,2016-07-08,2,6,10563.648000000001
301,17,4,2016-07-06,2016-07-09,2016-07-08,2,6,689.4815
302,1375,4,2016-07-06,2016-07-07,2016-07-09,2,6,2915.108
303,36,4,2016-07-07,2016-07-08,2016-07-09,2,7,4464.9619999999995
304,230,4,2016-07-07,2016-07-08,2016-07-08,2,6,9211.523000000001
305,705,4,2016-07-07,2016-07-08,2016-07-08,2,7,3463.545
306,424,4,2016-07-09,2016-07-10,2016-07-12,2,7,1490.2907
307,695,4,2016-07-09,2016-07-11,2016-07-11,2,6,1006.981
308,156,4,2016-07-11,2016-07-12,2016-07-14,2,6,4534.383
309,211,4,2016-07-11,2016-07-13,2016-07-13,2,6,1472.481
310,627,4,2016-07-12,2016-07-13,2016-07-13,1,2,11479.5394
311,1400,4,2016-07-12,2016-07-14,2016-07-13,2,6,2928.684
312,299,4,2016-07-13,2016-07-15,2016-07-16,2,6,2687.1434
313,565,4,2016-07-14,2016-07-15,2016-07-15,3,9,5578.1307
314,1019,4,2016-07-15,2016-07-17,2016-07-17,2,7,11950.476599999998
315,1263,4,2016-07-16,2016-07-19,2016-07-17,2,6,4044.7830000000004
316,670,4,2016-07-17,2016-07-20,2016-07-19,2,7,3586.7070000000003
317,795,4,2016-07-17,2016-07-20,2016-07-19,2,7,2431.165
318,1141,4,2016-07-17,2016-07-19,2016-07-20,2,7,4135.9565
319,941,4,2016-07-18,2016-07-21,2016-07-21,2,6,3018.2852000000003
320,1428,4,2016-07-19,2016-07-20,2016-07-21,1,2,674.991
321,568,4,2016-07-19,2016-07-22,2016-07-21,2,6,6479.9439999999995
322,924,4,2016-07-19,2016-07-22,2016-07-20,2,6,683.0747
323,1243,4,2016-07-19,2016-07-22,2016-07-21,2,6,1582.1634
324,480,4,2016-07-20,2016-07-22,2016-07-23,2,6,3074.2065000000002
325,848,4,2016-07-20,2016-07-21,2016-07-21,2,6,4991.9664999999995
326,1337,4,2016-07-20,2016-07-21,2016-07-22,3,9,773.9817
327,83,4,2016-07-21,2016-07-24,2016-07-22,2,6,4029.0625999999997
328,528,4,2016-07-23,2016-07-26,2016-07-25,2,6,845.9820000000001
329,274,4,2016-07-24,2016-07-27,2016-07-26,2,6,5701.1053999999995
330,622,4,2016-07-24,2016-07-27,2016-07-27,2,6,512.981
331,642,4,2016-07-24,2016-07-26,2016-07-25,2,6,772.2
332,659,4,2016-07-24,2016-07-26,2016-07-26,2,7,853.0999999999999
333,779,4,2016-07-25,2016-07-27,2016-07-26,2,6,5055.112999999999
334,1112,4,2016-07-25,2016-07-28,2016-07-27,2,7,5709.9555
335,1193,4,2016-07-25,2016-07-27,2016-07-26,2,6,2024.0637
336,1030,4,2016-07-26,2016-07-29,2016-07-27,2,7,3049.983
337,1252,4,2016-07-26,2016-07-27,2016-07-28,2,7,3181.5405
338,1333,4,2016-07-28,2016-07-29,2016-07-30,1,3,8534.3743
339,1110,4,2016-07-28,2016-07-31,2016-07-29,2,7,1249.972
340,963,4,2016-07-29,2016-07-30,2016-07-31,2,7,6416.5944
341,1357,4,2016-07-31,2016-08-03,2016-08-01,1,3,569.981
342,806,4,2016-07-31,2016-08-01,2016-08-03,2,7,4037.9646999999995
343,961,4,2016-07-31,2016-08-02,2016-08-01,2,7,5338.9555
344,750,4,2016-08-01,2016-08-03,2016-08-02,2,6,1307.6225
345,1299,4,2016-08-01,2016-08-04,2016-08-03,2,6,1831.1814
346,584,4,2016-08-01,2016-08-03,2016-08-02,3,9,2090.6642
347,1004,4,2016-08-02,2016-08-03,2016-08-05,2,6,278.9907
348,907,4,2016-08-02,2016-08-05,2016-08-04,3,9,3495.6623999999997
349,30,3,2016-08-03,2016-08-03,,1,3,959.984
350,31,3,2016-08-03,2016-08-03,,1,3,2380.9624
351,1307,4,2016-08-03,2016-08-06,2016-08-04,1,2,7482.136399999999
352,16,4,2016-08-03,2016-08-04,2016-08-06,2,7,1560.784
353,1387,4,2016-08-03,2016-08-06,2016-08-06,2,7,1199.9840000000002
354,551,4,2016-08-03,2016-08-05,2016-08-06,3,8,642.5419999999999
355,1011,4,2016-08-03,2016-08-05,2016-08-05,3,8,1042.1724
356,1189,4,2016-08-04,2016-08-07,2016-08-06,2,6,3581.4619999999995
357,14,3,2016-08-05,2016-08-05,,3,8,4678.7626
358,1042,4,2016-08-05,2016-08-07,2016-08-07,2,7,5588.3444
359,441,4,2016-08-07,2016-08-10,2016-08-10,2,7,12965.7468
360,1300,4,2016-08-07,2016-08-09,2016-08-10,2,6,7932.9465
361,994,4,2016-08-08,2016-08-09,2016-08-11,2,6,3403.8540000000003
362,187,4,2016-08-09,2016-08-11,2016-08-11,1,2,697.4907
363,834,4,2016-08-11,2016-08-12,2016-08-13,3,8,1694.0557000000001
364,373,4,2016-08-12,2016-08-14,2016-08-13,2,6,949.981
365,981,4,2016-08-13,2016-08-14,2016-08-15,2,6,1022.9813999999999
366,1054,4,2016-08-13,2016-08-14,2016-08-14,3,9,3899.9656999999997
367,527,4,2016-08-14,2016-08-15,2016-08-15,2,7,4279.5725
368,995,4,2016-08-14,2016-08-15,2016-08-17,2,7,4447.724
369,1285,4,2016-08-15,2016-08-18,2016-08-18,1,3,2881.14
370,758,4,2016-08-15,2016-08-18,2016-08-18,2,7,6169.963
371,891,4,2016-08-15,2016-08-16,2016-08-18,2,7,655.984
372,132,4,2016-08-16,2016-08-18,2016-08-18,2,6,3271.8135
373,337,4,2016-08-16,2016-08-19,2016-08-17,2,7,5119.354
374,1313,4,2016-08-17,2016-08-19,2016-08-18,1,2,5114.0907
375,536,4,2016-08-17,2016-08-20,2016-08-20,2,7,8376.9244
376,825,4,2016-08-17,2016-08-19,2016-08-18,2,6,1934.9634
377,1355,4,2016-08-17,2016-08-19,2016-08-20,2,6,1961.0811999999999
378,475,4,2016-08-17,2016-08-20,2016-08-20,3,9,1139.981
379,954,4,2016-08-18,2016-08-21,2016-08-21,2,7,3269.9827
380,1156,4,2016-08-19,2016-08-20,2016-08-21,2,7,3763.8714999999997
381,1297,4,2016-08-19,2016-08-21,2016-08-21,2,7,502.1814
382,199,4,2016-08-20,2016-08-23,2016-08-23,2,6,4571.0727
383,331,4,2016-08-20,2016-08-23,2016-08-22,2,7,1929.514
384,410,4,2016-08-20,2016-08-22,2016-08-23,2,7,5478.9484999999995
385,1274,4,2016-08-20,2016-08-23,2016-08-22,2,7,7791.0557
386,1362,4,2016-08-20,2016-08-23,2016-08-23,2,6,4299.957
387,451,4,2016-08-20,2016-08-21,2016-08-21,3,8,359.20000000000005
388,1080,4,2016-08-21,2016-08-24,2016-08-23,3,8,3430.9631
389,53,4,2016-08-22,2016-08-24,2016-08-25,1,3,8281.3046
390,576,4,2016-08-22,2016-08-24,2016-08-25,3,9,10574.962399999999
391,61,3,2016-08-23,2016-08-23,,3,9,4810.5561
392,176,4,2016-08-23,2016-08-26,2016-08-24,1,3,2385.963
393,368,4,2016-08-25,2016-08-26,2016-08-27,2,6,751.984
394,522,4,2016-08-26,2016-08-28,2016-08-29,1,3,1196.9665
395,144,4,2016-08-26,2016-08-27,2016-08-29,2,6,256.4905
396,542,4,2016-08-27,2016-08-30,2016-08-29,2,6,2501.764
397,1437,4,2016-08-28,2016-08-31,2016-08-29,2,7,3799.9904999999994
398,447,4,2016-08-29,2016-08-30,2016-09-01,1,2,5080.623
399,1001,4,2016-08-29,2016-09-01,2016-09-01,2,7,3911.8624999999997
400,1295,4,2016-08-29,2016-08-30,2016-08-31,2,6,5022.957399999999
401,103,4,2016-08-30,2016-09-02,2016-09-01,2,6,2718.3920000000003
402,1335,4,2016-08-30,2016-09-01,2016-08-31,2,6,2672.6926
403,578,4,2016-08-31,2016-09-01,2016-09-02,1,3,8342.939
404,396,4,2016-08-31,2016-09-03,2016-09-01,2,7,4699.9556999999995
405,603,4,2016-08-31,2016-09-01,2016-09-01,2,6,4890.365400000001
406,1380,4,2016-08-31,2016-09-02,2016-09-01,2,7,2319.9919999999997
407,77,3,2016-09-01,2016-09-01,,3,8,1734.9325
408,1071,4,2016-09-01,2016-09-02,2016-09-02,1,2,3370.5721
409,416,4,2016-09-01,2016-09-04,2016-09-04,2,7,1709.3652
410,1151,4,2016-09-01,2016-09-03,2016-09-02,2,6,7139.954
411,261,4,2016-09-02,2016-09-04,2016-09-04,1,3,1837.4717
412,1202,4,2016-09-02,2016-09-04,2016-09-04,1,3,4497.5817
413,717,4,2016-09-02,2016-09-05,2016-09-03,2,6,6659.9627
414,917,4,2016-09-03,2016-09-06,2016-09-06,2,7,5219.982
415,1265,4,2016-09-03,2016-09-06,2016-09-06,2,7,3359.7477
416,1377,4,2016-09-03,2016-09-04,2016-09-06,2,7,997.1724
417,359,4,2016-09-04,2016-09-05,2016-09-06,1,3,1990.1627999999998
418,88,4,2016-09-04,2016-09-05,2016-09-05,2,6,1092.481
419,14,4,2016-09-04,2016-09-07,2016-09-06,3,8,2849.9905
420,72,4,2016-09-05,2016-09-06,2016-09-07,1,3,3540.3630000000003
421,240,4,2016-09-05,2016-09-06,2016-09-08,1,3,6611.1241
422,398,4,2016-09-06,2016-09-07,2016-09-09,2,6,1139.981
423,1397,4,2016-09-06,2016-09-09,2016-09-09,2,7,4921.154399999999
424,67,4,2016-09-08,2016-09-11,2016-09-11,1,3,689.4815
425,843,4,2016-09-08,2016-09-11,2016-09-11,2,6,1351.7224
426,944,4,2016-09-08,2016-09-10,2016-09-10,2,6,1964.0810000000001
427,434,4,2016-09-09,2016-09-10,2016-09-11,1,2,3092.9447999999998
428,1039,4,2016-09-09,2016-09-12,2016-09-10,2,6,2329.5760000000005
429,153,4,2016-09-10,2016-09-12,2016-09-12,3,8,10186.7367
430,272,4,2016-09-11,2016-09-13,2016-09-12,2,6,8561.2627
431,1217,4,2016-09-11,2016-09-12,2016-09-12,2,6,2133.9264000000003
432,169,4,2016-09-12,2016-09-15,2016-09-14,1,2,10078.381
433,1062,4,2016-09-12,2016-09-15,2016-09-13,2,6,4477.174
434,726,4,2016-09-13,2016-09-15,2016-09-14,2,6,7176.214899999999
435,77,4,2016-09-14,2016-09-15,2016-09-16,3,9,3533.031
436,791,4,2016-09-16,2016-09-19,2016-09-19,2,7,1189.9825
437,1085,4,2016-09-16,2016-09-18,2016-09-18,2,7,5841.5215
438,314,4,2016-09-16,2016-09-19,2016-09-18,3,8,6872.9437
439,149,4,2016-09-17,2016-09-20,2016-09-18,2,6,8474.1624
440,882,4,2016-09-17,2016-09-18,2016-09-19,2,7,6229.1214
441,704,4,2016-09-18,2016-09-19,2016-09-19,1,2,988.4817
442,667,4,2016-09-18,2016-09-21,2016-09-21,2,7,2827.9494
443,1371,4,2016-09-18,2016-09-19,2016-09-20,2,6,1734.9325
444,30,4,2016-09-19,2016-09-20,2016-09-21,1,2,5395.2441
445,362,4,2016-09-19,2016-09-22,2016-09-22,2,6,3997.9747
446,399,4,2016-09-19,2016-09-21,2016-09-20,2,7,1331.9733999999999
447,808,4,2016-09-20,2016-09-23,2016-09-22,3,8,8083.9627
448,101,4,2016-09-21,2016-09-22,2016-09-24,2,6,1405.962
449,492,4,2016-09-21,2016-09-24,2016-09-22,2,7,9927.5559
450,575,4,2016-09-21,2016-09-24,2016-09-23,2,7,2222.8722
451,1146,4,2016-09-21,2016-09-23,2016-09-22,2,7,512.981
452,997,4,2016-09-22,2016-09-23,2016-09-24,2,7,10986.904
453,1028,4,2016-09-22,2016-09-24,2016-09-25,2,7,3564.9664999999995
454,988,4,2016-09-23,2016-09-25,2016-09-26,2,6,2432.9444000000003
455,1055,4,2016-09-23,2016-09-24,2016-09-24,2,7,2849.9905
456,1061,4,2016-09-23,2016-09-26,2016-09-25,3,9,1076.9307
457,1349,4,2016-09-24,2016-09-27,2016-09-27,1,3,9278.653900000001
458,197,4,2016-09-25,2016-09-28,2016-09-26,2,6,4655.0404
459,874,4,2016-09-25,2016-09-28,2016-09-26,2,6,1344.7920000000001
460,691,4,2016-09-25,2016-09-27,2016-09-26,3,8,4067.6639999999998
461,853,4,2016-09-26,2016-09-27,2016-09-27,2,7,7601.154699999999
462,852,4,2016-09-27,2016-09-28,2016-09-29,2,6,989.9820000000001
463,964,4,2016-09-27,2016-09-28,2016-09-28,3,8,502.1814
464,74,4,2016-09-28,2016-09-30,2016-09-29,2,7,3599.991
465,1198,4,2016-09-28,2016-10-01,2016-10-01,2,6,1745.9640000000002
466,1440,4,2016-09-28,2016-09-29,2016-10-01,2,7,10360.255
467,555,4,2016-09-28,2016-09-30,2016-09-30,3,8,4654.9529999999995
468,1261,4,2016-09-29,2016-10-02,2016-09-30,1,3,9497.172
469,1089,4,2016-09-29,2016-10-02,2016-10-02,2,7,6784.9567
470,641,4,2016-09-30,2016-10-02,2016-10-02,1,3,3563.0245000000004
471,697,4,2016-09-30,2016-10-02,2016-10-01,1,3,728.973
472,468,4,2016-09-30,2016-10-01,2016-10-01,2,7,962.9730000000001
473,549,4,2016-09-30,2016-10-02,2016-10-03,2,7,557.9907
474,553,4,2016-10-01,2016-10-04,2016-10-04,1,3,2197.892
475,241,4,2016-10-01,2016-10-04,2016-10-03,2,7,2157.916
476,559,4,2016-10-01,2016-10-04,2016-10-02,2,6,9408.7878
477,449,4,2016-10-02,2016-10-05,2016-10-04,1,2,1894.541
478,304,4,2016-10-02,2016-10-05,2016-10-03,2,7,502.1814
479,984,4,2016-10-03,2016-10-04,2016-10-04,2,6,6335.663699999999
480,686,4,2016-10-04,2016-10-07,2016-10-05,1,3,3816.4624
481,481,4,2016-10-04,2016-10-07,2016-10-06,3,9,6947.9474
482,513,4,2016-10-05,2016-10-06,2016-10-06,2,6,458.98300000000006
483,703,4,2016-10-06,2016-10-07,2016-10-09,1,2,398.96999999999997
484,421,4,2016-10-06,2016-10-09,2016-10-07,2,7,9838.4455
485,465,4,2016-10-06,2016-10-08,2016-10-07,2,7,1382.972
486,709,4,2016-10-06,2016-10-08,2016-10-09,2,7,3359.9717
487,827,4,2016-10-06,2016-10-09,2016-10-09,2,6,375.992
488,921,4,2016-10-06,2016-10-09,2016-10-08,2,6,1328.6529
489,899,4,2016-10-06,2016-10-08,2016-10-08,3,8,3239.982
490,876,4,2016-10-07,2016-10-10,2016-10-09,2,6,1525.1539
491,1048,4,2016-10-08,2016-10-10,2016-10-11,1,2,6319.946
492,191,4,2016-10-09,2016-10-10,2016-10-12,1,2,1478.9635
493,796,4,2016-10-09,2016-10-12,2016-10-11,1,3,1926.581
494,875,4,2016-10-09,2016-10-10,2016-10-11,2,6,269.99100000000004
495,712,4,2016-10-10,2016-10-12,2016-10-13,1,3,3065.9825
496,193,4,2016-10-10,2016-10-12,2016-10-11,2,6,914.9670000000001
497,785,4,2016-10-10,2016-10-11,2016-10-11,2,6,929.9814
498,1331,4,2016-10-10,2016-10-12,2016-10-11,2,6,2195.0517
499,260,4,2016-10-11,2016-10-14,2016-10-13,1,2,3349.6487
500,148,4,2016-10-11,2016-10-12,2016-10-13,2,6,1260.973
501,977,4,2016-10-11,2016-10-12,2016-10-13,2,7,3328.0631
502,401,4,2016-10-12,2016-10-13,2016-10-13,3,9,256.4905
503,932,4,2016-10-13,2016-10-16,2016-10-14,2,6,1973.7314
504,1381,4,2016-10-14,2016-10-15,2016-10-15,1,2,2414.963
505,721,4,2016-10-14,2016-10-16,2016-10-17,2,6,479.992
506,831,4,2016-10-14,2016-10-16,2016-10-16,2,6,4169.981699999999
507,1378,4,2016-10-15,2016-10-17,2016-10-17,1,3,4776.0444
508,1359,4,2016-10-15,2016-10-18,2016-10-18,2,6,6543.0622
509,235,4,2016-10-16,2016-10-17,2016-10-17,2,7,5989.965
510,586,4,2016-10-17,2016-10-18,2016-10-18,2,7,386.1
511,377,4,2016-10-18,2016-10-20,2016-10-19,2,7,755.972
512,8,4,2016-10-19,2016-10-22,2016-10-20,2,7,251.0907
513,155,4,2016-10-19,2016-10-21,2016-10-21,2,6,4214.973399999999
514,927,4,2016-10-19,2016-10-21,2016-10-20,2,7,1516.3400000000001
515,986,4,2016-10-19,2016-10-20,2016-10-22,2,6,4544.8471
516,111,4,2016-10-21,2016-10-23,2016-10-24,2,6,6177.772499999999
517,613,4,2016-10-21,2016-10-22,2016-10-24,2,6,502.1814
518,1374,4,2016-10-22,2016-10-24,2016-10-25,1,2,8394.4714
519,54,4,2016-10-22,2016-10-23,2016-10-24,2,7,6065.4532
520,639,4,2016-10-23,2016-10-26,2016-10-24,2,7,2420.553
521,664,4,2016-10-23,2016-10-25,2016-10-25,2,6,1272.784
522,724,4,2016-10-23,2016-10-24,2016-10-24,2,7,6152.6533
523,1056,4,2016-10-24,2016-10-26,2016-10-27,2,6,4503.7459
524,569,4,2016-10-25,2016-10-26,2016-10-27,1,2,7105.7751
525,1315,4,2016-10-26,2016-10-28,2016-10-29,1,3,7848.2627999999995
526,1096,4,2016-10-26,2016-10-28,2016-10-28,2,6,4169.3542
527,506,4,2016-10-27,2016-10-29,2016-10-28,1,2,8359.215999999999
528,676,4,2016-10-28,2016-10-31,2016-10-31,2,7,512.981
529,753,4,2016-10-28,2016-10-30,2016-10-31,2,7,1022.9813999999999
530,773,4,2016-10-28,2016-10-31,2016-10-31,2,6,4873.9556999999995
531,116,4,2016-10-28,2016-10-29,2016-10-30,3,8,1720.9667
532,817,4,2016-10-29,2016-10-31,2016-10-30,2,7,2252.915
533,1334,4,2016-10-29,2016-11-01,2016-11-01,2,6,5024.1645
534,1406,4,2016-10-29,2016-10-30,2016-10-31,2,7,7900.4347
535,835,4,2016-10-29,2016-10-31,2016-11-01,3,9,1485.4635
536,759,4,2016-10-31,2016-11-02,2016-11-01,1,3,2214.0537
537,1353,4,2016-10-31,2016-11-01,2016-11-03,1,2,3613.7245000000003
538,341,4,2016-11-02,2016-11-05,2016-11-05,2,6,1199.9840000000002
539,1144,4,2016-11-02,2016-11-04,2016-11-03,2,7,6187.1539
540,1429,4,2016-11-03,2016-11-05,2016-11-06,1,3,2042.0634
541,1228,4,2016-11-04,2016-11-07,2016-11-07,1,3,512.981
542,313,4,2016-11-04,2016-11-06,2016-11-05,2,7,4918.366
543,62,4,2016-11-06,2016-11-09,2016-11-08,2,6,1899.173
544,321,4,2016-11-06,2016-11-07,2016-11-08,2,7,1165.0810000000001
545,1108,4,2016-11-08,2016-11-10,2016-11-09,3,9,2793.0481
546,470,4,2016-11-09,2016-11-12,2016-11-10,2,7,3270.2309999999998
547,20,4,2016-11-09,2016-11-11,2016-11-10,3,8,6782.763999999999
548,739,4,2016-11-11,2016-11-13,2016-11-13,2,7,4746.6324
549,64,3,2016-11-12,2016-11-12,,3,9,6278.8444
550,892,4,2016-11-12,2016-11-14,2016-11-15,2,7,2754.9905
551,1169,4,2016-11-12,2016-11-13,2016-11-13,2,6,4665.5492
552,1282,4,2016-11-12,2016-11-15,2016-11-13,2,7,2402.476
553,913,4,2016-11-12,2016-11-13,2016-11-15,3,9,1841.6217
554,104,4,2016-11-13,2016-11-14,2016-11-16,1,3,6756.455899999999
555,212,4,2016-11-13,2016-11-14,2016-11-16,2,7,6155.9644
556,61,4,2016-11-13,2016-11-14,2016-11-15,3,9,5179.974999999999
557,1248,4,2016-11-14,2016-11-17,2016-11-15,2,6,6794.082
558,1443,4,2016-11-15,2016-11-16,2016-11-17,2,7,10372.093399999998
559,959,4,2016-11-16,2016-11-17,2016-11-17,1,2,8816.954399999999
560,1405,4,2016-11-18,2016-11-19,2016-11-21,2,6,1649.9724999999999
561,90,4,2016-11-19,2016-11-22,2016-11-22,2,6,3486.4114999999997
562,942,4,2016-11-19,2016-11-20,2016-11-22,2,7,1499.9719
563,365,4,2016-11-20,2016-11-22,2016-11-21,2,6,1758.5140000000001
564,1058,4,2016-11-20,2016-11-23,2016-11-22,2,7,2743.984
565,894,4,2016-11-21,2016-11-22,2016-11-22,2,7,4495.2725
566,298,4,2016-11-22,2016-11-25,2016-11-23,1,3,9474.9404
567,1430,4,2016-11-22,2016-11-23,2016-11-23,1,2,3628.5126999999998
568,1275,4,2016-11-23,2016-11-25,2016-11-24,1,3,2726.4905
569,707,4,2016-11-23,2016-11-24,2016-11-25,2,6,1559.9725
570,989,4,2016-11-23,2016-11-24,2016-11-25,2,6,5090.4175000000005
571,5,4,2016-11-24,2016-11-25,2016-11-27,1,2,5454.9815
572,178,4,2016-11-24,2016-11-26,2016-11-26,2,6,4125.556500000001
573,423,4,2016-11-24,2016-11-26,2016-11-27,2,6,599.9920000000001
574,833,4,2016-11-26,2016-11-27,2016-11-29,2,7,5779.8175
575,33,4,2016-11-27,2016-11-28,2016-11-30,1,3,5833.9734
576,1272,4,2016-11-27,2016-11-30,2016-11-28,1,3,2699.991
577,445,4,2016-11-27,2016-11-30,2016-11-29,2,6,1599.9840000000002
578,819,4,2016-11-27,2016-11-28,2016-11-29,2,7,4784.1587
579,160,4,2016-11-27,2016-11-30,2016-11-29,3,8,7975.972999999999
580,581,4,2016-11-30,2016-12-02,2016-12-02,1,3,7824.040099999999
581,688,4,2016-12-03,2016-12-05,2016-12-06,1,3,3347.9813999999997
582,32,3,2016-12-04,2016-12-04,,1,2,3276.34
583,792,4,2016-12-04,2016-12-05,2016-12-07,2,7,847.984
584,1209,4,2016-12-04,2016-12-05,2016-12-05,2,7,4778.0235999999995
585,1219,4,2016-12-04,2016-12-05,2016-12-05,2,7,3484.0719
586,1306,4,2016-12-04,2016-12-06,2016-12-05,2,6,3505.766
587,487,4,2016-12-06,2016-12-08,2016-12-08,1,2,1450.023
588,102,4,2016-12-06,2016-12-07,2016-12-07,2,7,3121.132
589,719,4,2016-12-06,2016-12-07,2016-12-07,2,7,1006.981
590,990,4,2016-12-06,2016-12-09,2016-12-07,2,7,8200.7267
591,1211,4,2016-12-06,2016-12-09,2016-12-09,2,7,3439.944
592,1232,4,2016-12-06,2016-12-08,2016-12-08,2,7,1891.1125
593,50,4,2016-12-07,2016-12-10,2016-12-08,3,8,2264.9727
594,1318,4,2016-12-07,2016-12-08,2016-12-08,3,8,1052.972
595,538,4,2016-12-08,2016-12-09,2016-12-11,1,2,7042.6723999999995
596,952,4,2016-12-08,2016-12-09,2016-12-09,1,3,4644.9130000000005
597,1121,4,2016-12-08,2016-12-09,2016-12-10,2,6,2360.3907
598,40,3,2016-12-09,2016-12-09,,1,3,6868.953399999999
599,1,4,2016-12-09,2016-12-10,2016-12-12,2,6,9199.1557
600,624,4,2016-12-09,2016-12-12,2016-12-11,2,7,4271.113399999999
601,683,4,2016-12-09,2016-12-10,2016-12-10,2,6,879.984
602,823,4,2016-12-09,2016-12-10,2016-12-11,2,6,3464.0224
603,1032,4,2016-12-09,2016-12-10,2016-12-10,2,7,3121.4817
604,96,4,2016-12-10,2016-12-13,2016-12-12,2,7,7681.124
605,1208,4,2016-12-10,2016-12-11,2016-12-12,2,6,3144.327
606,18,4,2016-12-11,2016-12-12,2016-12-13,2,7,1605.0839999999998
607,309,4,2016-12-11,2016-12-14,2016-12-13,2,6,3900.6587000000004
608,1103,4,2016-12-12,2016-12-15,2016-12-14,1,3,12334.957
609,896,4,2016-12-12,2016-12-13,2016-12-14,2,7,6715.433999999999
610,711,4,2016-12-13,2016-12-15,2016-12-14,2,6,4436.6034
611,1073,4,2016-12-15,2016-12-17,2016-12-18,2,7,1115.9814
612,634,4,2016-12-16,2016-12-17,2016-12-17,2,7,1364.944
613,1159,4,2016-12-17,2016-12-19,2016-12-19,2,7,6764.5727
614,654,4,2016-12-18,2016-12-21,2016-12-21,1,2,660.5905
615,560,4,2016-12-19,2016-12-22,2016-12-21,3,9,3502.4932
616,1444,4,2016-12-20,2016-12-23,2016-12-23,2,6,1399.976
617,118,4,2016-12-21,2016-12-23,2016-12-23,2,7,3974.6254
618,131,4,2016-12-21,2016-12-22,2016-12-22,2,6,2335.5207
619,454,4,2016-12-22,2016-12-25,2016-12-25,2,7,464.9907
620,466,4,2016-12-22,2016-12-24,2016-12-24,2,6,2113.5840000000003
621,1157,4,2016-12-23,2016-12-25,2016-12-24,2,6,797.9399999999999
622,1398,4,2016-12-23,2016-12-26,2016-12-25,2,7,7688.2721
623,678,4,2016-12-24,2016-12-26,2016-12-27,2,6,1673.9906999999998
624,814,4,2016-12-24,2016-12-25,2016-12-27,2,6,1754.0464
625,1163,4,2016-12-25,2016-12-28,2016-12-26,1,2,4186.5267
626,130,4,2016-12-25,2016-12-28,2016-12-27,2,7,423.992
627,1119,4,2016-12-25,2016-12-26,2016-12-28,2,6,5775.5446999999995
628,561,4,2016-12-26,2016-12-29,2016-12-27,1,3,953.9820000000001
629,973,4,2016-12-26,2016-12-27,2016-12-29,1,2,4835.376
630,1404,4,2016-12-26,2016-12-27,2016-12-28,2,6,3015.3129
631,855,4,2016-12-27,2016-12-29,2016-12-29,1,3,2008.7628
632,163,4,2016-12-27,2016-12-29,2016-12-29,2,7,4851.1372
633,1040,4,2016-12-28,2016-12-31,2016-12-30,3,8,6068.9490000000005
634,27,4,2016-12-29,2017-01-01,2016-12-30,2,6,6004.972
635,520,4,2016-12-30,2017-01-02,2016-12-31,2,6,2754.9905
636,532,4,2017-01-03,2017-01-04,2017-01-05,1,2,527.984
637,512,4,2017-01-03,2017-01-05,2017-01-05,2,6,3509.973
638,1302,4,2017-01-04,2017-01-05,2017-01-06,2,7,6349.3634999999995
639,550,4,2017-01-06,2017-01-07,2017-01-07,2,6,10794.3537
640,1093,4,2017-01-06,2017-01-08,2017-01-07,2,6,3447.2278
641,673,4,2017-01-07,2017-01-10,2017-01-08,1,3,3695.4745000000003
642,847,4,2017-01-07,2017-01-09,2017-01-10,2,7,836.9814
643,901,4,2017-01-08,2017-01-09,2017-01-11,1,3,712.4905
644,439,4,2017-01-08,2017-01-11,2017-01-10,2,6,2789.9907
645,1199,4,2017-01-08,2017-01-11,2017-01-10,2,6,15455.624999999998
646,975,4,2017-01-09,2017-01-12,2017-01-11,1,2,4269.9572
647,283,4,2017-01-09,2017-01-10,2017-01-11,2,7,1172.9724
648,684,4,2017-01-09,2017-01-11,2017-01-11,2,6,511.49069999999995
649,1153,4,2017-01-10,2017-01-11,2017-01-13,1,3,4466.6452
650,729,4,2017-01-11,2017-01-14,2017-01-12,1,2,799.9920000000001
651,190,4,2017-01-11,2017-01-13,2017-01-13,2,7,2082.1435
652,985,4,2017-01-12,2017-01-15,2017-01-13,3,9,7130.5405
653,1249,4,2017-01-14,2017-01-17,2017-01-15,1,2,7520.0371
654,1129,4,2017-01-14,2017-01-15,2017-01-17,2,7,4497.0048
655,347,4,2017-01-16,2017-01-17,2017-01-18,1,3,225.89100000000002
656,949,4,2017-01-16,2017-01-17,2017-01-18,2,7,1279.0627
657,349,4,2017-01-17,2017-01-19,2017-01-20,1,2,6912.171499999999
658,1051,4,2017-01-17,2017-01-18,2017-01-18,2,7,9399.965
659,1391,4,2017-01-17,2017-01-19,2017-01-18,2,7,17086.934299999997
660,383,4,2017-01-18,2017-01-19,2017-01-19,2,7,17305.9384
661,626,4,2017-01-18,2017-01-19,2017-01-20,2,6,7022.9623999999985
662,1125,4,2017-01-19,2017-01-20,2017-01-20,1,3,7339.4195
663,344,4,2017-01-20,2017-01-22,2017-01-23,1,3,4464.6642
664,681,4,2017-01-20,2017-01-23,2017-01-22,2,7,13130.8288
665,29,4,2017-01-21,2017-01-22,2017-01-23,2,6,9279.955699999999
666,770,4,2017-01-21,2017-01-22,2017-01-24,2,7,2208.9745
667,858,4,2017-01-22,2017-01-24,2017-01-25,2,7,1804.8565
668,297,4,2017-01-22,2017-01-23,2017-01-24,3,8,3658.1809999999996
669,745,4,2017-01-23,2017-01-24,2017-01-26,2,7,1692.5720999999999
670,361,4,2017-01-24,2017-01-25,2017-01-25,2,6,5154.146699999999
671,922,4,2017-01-25,2017-01-28,2017-01-26,2,7,6978.715099999999
672,908,4,2017-01-26,2017-01-29,2017-01-29,2,6,15439.946799999998
673,64,4,2017-01-26,2017-01-28,2017-01-27,3,9,2112.2957
674,733,4,2017-01-27,2017-01-28,2017-01-29,2,6,959.984
675,291,4,2017-01-28,2017-01-31,2017-01-30,2,7,1600.0929999999998
676,790,4,2017-01-28,2017-01-30,2017-01-31,2,7,2719.4764000000005
677,809,4,2017-01-28,2017-01-31,2017-01-30,2,7,15416.1565
678,250,4,2017-01-28,2017-01-29,2017-01-31,3,9,2371.1623999999997
679,81,4,2017-01-29,2017-01-30,2017-01-30,1,3,1132.9650000000001
680,245,4,2017-01-29,2017-02-01,2017-01-30,1,3,10869.9637
681,499,4,2017-01-29,2017-02-01,2017-01-31,2,7,9704.944899999999
682,614,4,2017-01-29,2017-01-30,2017-01-30,2,6,3935.9680000000008
683,741,4,2017-01-29,2017-01-31,2017-02-01,2,6,1349.982
684,762,4,2017-01-31,2017-02-01,2017-02-02,2,6,5537.981699999999
685,976,4,2017-01-31,2017-02-03,2017-02-02,2,7,16950.076999999997
686,380,4,2017-02-01,2017-02-03,2017-02-04,2,7,2787.9590000000003
687,530,4,2017-02-02,2017-02-05,2017-02-04,1,3,5382.0464
688,343,4,2017-02-02,2017-02-03,2017-02-05,2,7,1800.4814999999999
689,884,4,2017-02-02,2017-02-03,2017-02-05,2,7,845.9820000000001
690,1097,4,2017-02-03,2017-02-04,2017-02-06,1,2,4195.3079
691,1081,4,2017-02-04,2017-02-06,2017-02-06,2,7,7747.739
692,2,3,2017-02-05,2017-02-05,,1,3,13523.7461
693,1233,4,2017-02-05,2017-02-07,2017-02-06,1,3,5015.7377
694,58,4,2017-02-05,2017-02-06,2017-02-08,2,7,9934.1305
695,606,4,2017-02-05,2017-02-08,2017-02-07,2,7,4387.966
696,1242,4,2017-02-05,2017-02-08,2017-02-08,2,7,4762.4631
697,562,4,2017-02-06,2017-02-08,2017-02-09,1,2,2509.881
698,543,4,2017-02-06,2017-02-08,2017-02-09,3,8,10336.9624
699,958,4,2017-02-06,2017-02-08,2017-02-09,3,9,5557.3307
700,4,4,2017-02-07,2017-02-10,2017-02-08,2,6,10399.972999999998
701,850,4,2017-02-07,2017-02-08,2017-02-09,3,9,104.4905
702,1352,4,2017-02-08,2017-02-09,2017-02-11,1,3,3243.7533999999996
703,417,4,2017-02-08,2017-02-09,2017-02-09,2,7,7004.840999999999
704,1137,4,2017-02-08,2017-02-09,2017-02-11,2,6,6654.4734
705,1196,4,2017-02-08,2017-02-11,2017-02-11,2,7,4499.991
706,1271,4,2017-02-09,2017-02-12,2017-02-10,1,2,2717.964
707,79,4,2017-02-09,2017-02-11,2017-02-11,2,7,5416.4357
708,660,4,2017-02-10,2017-02-12,2017-02-11,1,2,5959.0657
709,1162,4,2017-02-11,2017-02-13,2017-02-12,2,6,7157.353099999999
710,295,4,2017-02-13,2017-02-15,2017-02-16,2,6,11055.941
711,1246,4,2017-02-13,2017-02-16,2017-02-14,2,6,4167.846
712,173,4,2017-02-13,2017-02-14,2017-02-16,3,9,8072.331
713,207,4,2017-02-13,2017-02-14,2017-02-15,3,8,2500.4381000000003
714,805,4,2017-02-14,2017-02-17,2017-02-15,2,7,335.98400000000004
715,12,3,2017-02-15,2017-02-15,,2,6,13799.974
716,672,4,2017-02-15,2017-02-17,2017-02-18,2,6,7111.0354
717,1312,4,2017-02-15,2017-02-18,2017-02-17,2,6,10617.973
718,38,4,2017-02-16,2017-02-17,2017-02-17,2,7,10572.544799999998
719,200,4,2017-02-16,2017-02-19,2017-02-18,2,6,391.992
720,382,4,2017-02-16,2017-02-19,2017-02-19,2,6,861.0117
721,625,4,2017-02-16,2017-02-19,2017-02-17,2,7,3860.1454
722,1399,4,2017-02-18,2017-02-20,2017-02-21,2,7,2319.7538999999997
723,845,4,2017-02-19,2017-02-21,2017-02-22,2,6,2011.4625999999998
724,864,4,2017-02-19,2017-02-22,2017-02-21,2,6,3390.4649999999997
725,870,4,2017-02-19,2017-02-22,2017-02-22,2,7,8309.4449
726,969,4,2017-02-19,2017-02-22,2017-02-20,2,6,391.992
727,962,4,2017-02-19,2017-02-22,2017-02-21,3,9,1856.6117
728,1138,4,2017-02-20,2017-02-21,2017-02-23,1,3,10541.963199999998
729,897,4,2017-02-20,2017-02-22,2017-02-21,2,7,611.9820000000001
730,500,4,2017-02-21,2017-02-24,2017-02-22,2,6,6196.6444
731,910,4,2017-02-25,2017-02-27,2017-02-27,3,9,4334.0585
732,147,4,2017-02-26,2017-02-27,2017-03-01,2,7,10322.972099999999
733,832,4,2017-02-26,2017-03-01,2017-02-27,2,7,3146.4644999999996
734,939,4,2017-02-26,2017-02-28,2017-03-01,3,9,2230.5485
735,20,3,2017-02-27,2017-02-27,,3,9,3631.7219999999998
736,184,4,2017-02-27,2017-02-28,2017-02-28,2,7,16436.065000000002
737,694,4,2017-02-27,2017-03-01,2017-02-28,2,6,3531.3039
738,124,4,2017-02-28,2017-03-01,2017-03-03,1,2,5812.5471
739,49,4,2017-02-28,2017-03-01,2017-03-02,2,6,799.9920000000001
740,1113,4,2017-02-28,2017-03-01,2017-03-02,2,6,4171.9479
741,119,4,2017-02-28,2017-03-01,2017-03-01,3,8,15981.1436
742,433,4,2017-02-28,2017-03-01,2017-03-01,3,9,1601.3717
743,137,4,2017-03-01,2017-03-04,2017-03-04,2,6,723.8905
744,166,4,2017-03-01,2017-03-02,2017-03-02,2,7,751.984
745,698,4,2017-03-01,2017-03-03,2017-03-03,2,7,1585.156
746,391,4,2017-03-02,2017-03-04,2017-03-05,1,3,269.99100000000004
747,87,4,2017-03-03,2017-03-04,2017-03-05,1,3,2426.9854
748,1072,4,2017-03-03,2017-03-05,2017-03-04,3,8,4064.8377
749,255,4,2017-03-04,2017-03-07,2017-03-05,2,7,10269.8557
750,232,4,2017-03-04,2017-03-07,2017-03-05,3,8,1755.3725
751,731,4,2017-03-05,2017-03-08,2017-03-07,1,3,1652.981
752,335,4,2017-03-05,2017-03-06,2017-03-07,2,6,4147.662
753,1201,4,2017-03-05,2017-03-08,2017-03-08,2,7,9372.3701
754,646,4,2017-03-06,2017-03-07,2017-03-08,1,2,6468.2263
755,531,4,2017-03-06,2017-03-07,2017-03-07,2,6,15087.2644
756,1143,4,2017-03-06,2017-03-07,2017-03-09,2,6,1256.091
757,1336,4,2017-03-06,2017-03-08,2017-03-09,2,7,269.99100000000004
758,953,4,2017-03-06,2017-03-08,2017-03-07,3,9,2681.1565
759,284,4,2017-03-07,2017-03-09,2017-03-08,2,7,1001.6116999999999
760,1104,4,2017-03-07,2017-03-10,2017-03-10,2,6,2362.1628
761,1291,4,2017-03-07,2017-03-08,2017-03-10,2,7,6330.574699999999
762,572,4,2017-03-08,2017-03-09,2017-03-09,2,6,930.981
763,842,4,2017-03-08,2017-03-10,2017-03-09,3,9,692.0817
764,701,4,2017-03-09,2017-03-10,2017-03-12,1,2,5126.9531
765,1152,4,2017-03-09,2017-03-11,2017-03-12,1,2,5841.0992
766,141,4,2017-03-09,2017-03-11,2017-03-12,2,6,376.79200000000003
767,564,4,2017-03-09,2017-03-10,2017-03-11,2,7,8392.9437
768,841,4,2017-03-09,2017-03-12,2017-03-10,2,7,1546.384
769,946,4,2017-03-09,2017-03-11,2017-03-11,2,6,4062.3334
770,135,4,2017-03-09,2017-03-11,2017-03-11,3,9,5922.9055
771,671,4,2017-03-11,2017-03-14,2017-03-12,1,3,583.9760000000001
772,448,4,2017-03-11,2017-03-12,2017-03-13,2,7,513.3507
773,1385,4,2017-03-11,2017-03-12,2017-03-12,2,6,2006.0629
774,690,4,2017-03-12,2017-03-14,2017-03-14,2,6,12104.786
775,968,4,2017-03-12,2017-03-13,2017-03-13,2,6,1394.9906999999998
776,490,4,2017-03-13,2017-03-15,2017-03-16,2,6,6804.9580000000005
777,496,4,2017-03-13,2017-03-16,2017-03-16,2,6,8056.768000000001
778,56,3,2017-03-15,2017-03-15,,3,9,754.4815000000001
779,367,4,2017-03-15,2017-03-16,2017-03-18,2,6,6602.950500000001
780,592,4,2017-03-15,2017-03-17,2017-03-17,2,6,422.99100000000004
781,1018,4,2017-03-15,2017-03-16,2017-03-17,2,6,10792.247
782,1298,4,2017-03-15,2017-03-16,2017-03-18,2,7,4214.9468
783,1343,4,2017-03-16,2017-03-19,2017-03-17,1,2,1818.4544999999998
784,430,4,2017-03-16,2017-03-19,2017-03-19,2,7,1847.0647
785,794,4,2017-03-18,2017-03-19,2017-03-20,1,2,9274.9654
786,249,4,2017-03-18,2017-03-20,2017-03-19,2,6,723.8905
787,700,4,2017-03-18,2017-03-20,2017-03-19,3,9,12541.763399999998
788,1363,4,2017-03-18,2017-03-20,2017-03-20,3,9,1860.5825
789,772,4,2017-03-19,2017-03-20,2017-03-20,2,6,1174.5654
790,1015,4,2017-03-19,2017-03-21,2017-03-22,2,7,6824.972399999999
791,432,4,2017-03-20,2017-03-22,2017-03-23,2,6,3489.9734000000003
792,479,4,2017-03-22,2017-03-23,2017-03-24,2,6,8109.950500000001
793,653,4,2017-03-23,2017-03-24,2017-03-24,2,6,3191.9525
794,863,4,2017-03-23,2017-03-25,2017-03-24,2,7,5801.933999999999
795,992,4,2017-03-23,2017-03-25,2017-03-26,2,7,1139.962
796,154,4,2017-03-23,2017-03-26,2017-03-25,3,9,751.984
797,374,4,2017-03-24,2017-03-26,2017-03-26,2,7,14735.4152
798,619,4,2017-03-26,2017-03-28,2017-03-29,1,3,4100.4359
799,607,4,2017-03-27,2017-03-28,2017-03-29,1,3,17580.7168
800,1057,4,2017-03-27,2017-03-29,2017-03-28,2,6,5851.9257
801,78,4,2017-03-28,2017-03-29,2017-03-30,1,2,316.1907
802,340,4,2017-03-28,2017-03-29,2017-03-30,2,6,9157.756
803,1105,4,2017-03-28,2017-03-31,2017-03-30,3,8,2843.0733999999998
804,95,4,2017-03-29,2017-03-31,2017-03-30,2,6,12433.4557
805,420,4,2017-03-29,2017-03-30,2017-04-01,2,6,8204.530200000001
806,234,4,2017-03-30,2017-03-31,2017-03-31,2,7,3804.9214
807,1148,4,2017-03-30,2017-04-01,2017-04-02,2,6,8009.032099999999
808,315,4,2017-03-31,2017-04-02,2017-04-02,2,6,2258.1214999999997
809,1222,4,2017-03-31,2017-04-03,2017-04-03,2,7,1441.165
810,153,3,2017-04-01,2017-04-01,,3,8,6881.7555
811,524,4,2017-04-01,2017-04-04,2017-04-04,2,7,5017.8551
812,1164,4,2017-04-01,2017-04-02,2017-04-03,2,7,4539.974
813,1203,4,2017-04-01,2017-04-03,2017-04-02,3,9,3818.2124
814,629,4,2017-04-02,2017-04-05,2017-04-03,2,7,1754.1460000000002
815,1251,4,2017-04-03,2017-04-05,2017-04-04,1,3,2259.3407
816,811,4,2017-04-03,2017-04-05,2017-04-05,2,6,1863.966
817,301,4,2017-04-04,2017-04-05,2017-04-07,2,7,4156.6929
818,1319,4,2017-04-04,2017-04-07,2017-04-07,2,6,5231.8529
819,221,4,2017-04-04,2017-04-07,2017-04-05,3,9,199.99200000000002
820,725,4,2017-04-05,2017-04-08,2017-04-07,2,7,396.1405
821,1181,4,2017-04-05,2017-04-07,2017-04-08,2,7,2283.8072
822,294,4,2017-04-06,2017-04-08,2017-04-09,2,7,1208.4825
823,415,4,2017-04-06,2017-04-07,2017-04-08,3,8,11349.9574
824,993,4,2017-04-07,2017-04-09,2017-04-10,1,2,377.982
825,10,4,2017-04-07,2017-04-08,2017-04-09,2,7,2004.0840000000003
826,45,4,2017-04-07,2017-04-10,2017-04-10,2,6,2141.675
827,666,4,2017-04-07,2017-04-10,2017-04-10,2,7,8570.9665
828,246,4,2017-04-09,2017-04-10,2017-04-12,2,6,6261.957399999999
829,674,4,2017-04-09,2017-04-10,2017-04-10,2,7,1402.7740000000001
830,431,4,2017-04-11,2017-04-14,2017-04-12,2,6,1999.3494
831,1000,4,2017-04-11,2017-04-12,2017-04-12,2,7,1950.575
832,1215,4,2017-04-11,2017-04-12,2017-04-12,2,7,5745.955199999999
833,406,4,2017-04-12,2017-04-14,2017-04-15,2,7,1139.981
834,890,4,2017-04-12,2017-04-13,2017-04-15,2,6,3750.8731999999995
835,940,4,2017-04-13,2017-04-15,2017-04-14,1,2,1885.8839
836,455,4,2017-04-13,2017-04-16,2017-04-14,2,6,719.984
837,948,4,2017-04-13,2017-04-16,2017-04-14,2,7,6793.9655
838,1395,4,2017-04-14,2017-04-17,2017-04-15,2,7,5220.4734
839,1332,4,2017-04-15,2017-04-18,2017-04-16,1,3,12307.9627
840,372,4,2017-04-15,2017-04-16,2017-04-16,2,6,6578.9654
841,428,4,2017-04-15,2017-04-18,2017-04-17,2,7,5062.3384
842,1133,4,2017-04-15,2017-04-18,2017-04-16,2,6,4115.9724
843,1059,4,2017-04-16,2017-04-17,2017-04-19,2,7,3185.9454
844,1436,4,2017-04-16,2017-04-17,2017-04-18,2,6,9334.509399999999
845,662,4,2017-04-17,2017-04-18,2017-04-18,2,7,3960.4315
846,715,4,2017-04-17,2017-04-19,2017-04-19,2,6,10187.945099999999
847,329,4,2017-04-18,2017-04-19,2017-04-19,2,7,9499.981
848,597,4,2017-04-18,2017-04-20,2017-04-20,2,7,4017.4401
849,776,4,2017-04-19,2017-04-20,2017-04-21,1,2,333.59200000000004
850,1346,4,2017-04-19,2017-04-22,2017-04-22,1,3,3442.8135
851,1139,4,2017-04-20,2017-04-21,2017-04-22,2,6,999.4825000000001
852,13,4,2017-04-21,2017-04-23,2017-04-22,3,9,2622.5814
853,883,4,2017-04-21,2017-04-24,2017-04-24,3,8,13107.441
854,177,4,2017-04-22,2017-04-25,2017-04-23,2,6,170.991
855,775,4,2017-04-22,2017-04-23,2017-04-25,2,6,908.076
856,477,4,2017-04-23,2017-04-25,2017-04-26,2,6,1044.981
857,1402,4,2017-04-24,2017-04-25,2017-04-26,2,7,799.9920000000001
858,162,4,2017-04-25,2017-04-27,2017-04-28,2,6,4094.8481
859,644,4,2017-04-25,2017-04-26,2017-04-26,2,6,4001.9184
860,473,4,2017-04-27,2017-04-29,2017-04-28,2,7,11596.428899999999
861,1177,4,2017-04-27,2017-04-29,2017-04-30,2,7,3302.1734
862,1230,4,2017-04-27,2017-04-30,2017-04-29,3,8,7063.463899999999
863,446,4,2017-04-28,2017-04-30,2017-05-01,2,7,377.982
864,902,4,2017-04-28,2017-04-30,2017-04-29,2,6,1217.264
865,974,4,2017-04-29,2017-05-02,2017-05-01,2,6,1197.0725
866,1410,4,2017-04-29,2017-04-30,2017-05-01,2,6,1829.6654999999998
867,97,4,2017-05-01,2017-05-03,2017-05-02,1,3,322.9905
868,868,4,2017-05-01,2017-05-04,2017-05-02,1,3,1311.2907
869,844,4,2017-05-01,2017-05-04,2017-05-02,2,7,10186.628499999999
870,1416,4,2017-05-01,2017-05-04,2017-05-02,2,6,3254.9906999999994
871,358,4,2017-05-02,2017-05-04,2017-05-03,2,7,3247.2480000000005
872,394,4,2017-05-03,2017-05-06,2017-05-06,1,3,7184.972399999999
873,829,4,2017-05-03,2017-05-05,2017-05-05,2,7,845.9820000000001
874,661,4,2017-05-04,2017-05-05,2017-05-06,2,7,9287.9439
875,386,4,2017-05-05,2017-05-06,2017-05-08,1,3,4012.6457
876,1046,4,2017-05-05,2017-05-08,2017-05-06,2,7,2205.7557
877,784,4,2017-05-06,2017-05-07,2017-05-08,2,6,1194.2817
878,224,4,2017-05-07,2017-05-10,2017-05-09,1,3,2289.667
879,214,4,2017-05-08,2017-05-09,2017-05-09,2,7,3032.7401
880,1206,4,2017-05-08,2017-05-11,2017-05-10,2,6,6239.2787
881,1024,4,2017-05-08,2017-05-11,2017-05-11,3,9,6412.554700000001
882,196,4,2017-05-09,2017-05-12,2017-05-10,2,6,10949.946799999998
883,507,4,2017-05-11,2017-05-13,2017-05-14,2,6,3022.8714999999997
884,871,4,2017-05-11,2017-05-13,2017-05-12,2,7,11588.647399999998
885,66,3,2017-05-13,2017-05-13,,3,8,5188.4817
886,1396,4,2017-05-13,2017-05-14,2017-05-15,1,2,5984.981
887,1195,4,2017-05-13,2017-05-15,2017-05-15,2,6,11993.972
888,1038,4,2017-05-14,2017-05-16,2017-05-16,2,7,1805.9660000000001
889,830,4,2017-05-14,2017-05-17,2017-05-15,3,8,989.9820000000001
890,171,4,2017-05-15,2017-05-18,2017-05-18,2,6,3723.8275
891,384,4,2017-05-15,2017-05-18,2017-05-16,2,6,8096.4455
892,651,4,2017-05-15,2017-05-18,2017-05-17,2,7,16890.1469
893,1293,4,2017-05-16,2017-05-19,2017-05-19,2,7,1285.9717
894,1320,4,2017-05-16,2017-05-19,2017-05-19,2,6,543.984
895,857,4,2017-05-18,2017-05-21,2017-05-19,2,6,418.4907
896,376,4,2017-05-19,2017-05-22,2017-05-21,3,9,2136.531
897,47,4,2017-05-20,2017-05-21,2017-05-21,1,2,839.781
898,352,4,2017-05-20,2017-05-21,2017-05-22,2,6,5925.560100000001
899,605,4,2017-05-20,2017-05-21,2017-05-21,2,7,5442.074
900,971,4,2017-05-20,2017-05-21,2017-05-22,2,6,15876.4261
901,345,4,2017-05-21,2017-05-22,2017-05-24,2,7,9728.9827
902,1278,4,2017-05-21,2017-05-24,2017-05-22,2,6,2228.2451
903,179,4,2017-05-22,2017-05-23,2017-05-24,2,7,5887.3423999999995
904,1020,4,2017-05-23,2017-05-26,2017-05-24,1,2,14141.339399999999
905,609,4,2017-05-23,2017-05-26,2017-05-24,2,6,11035.847999999998
906,877,4,2017-05-23,2017-05-26,2017-05-26,2,7,7783.4219
907,120,4,2017-05-24,2017-05-26,2017-05-27,1,2,527.2820999999999
908,402,4,2017-05-25,2017-05-28,2017-05-27,2,7,2282.965
909,188,4,2017-05-26,2017-05-27,2017-05-28,1,2,1056.7920000000001
910,342,4,2017-05-26,2017-05-28,2017-05-28,2,7,269.99100000000004
911,887,4,2017-05-26,2017-05-29,2017-05-29,2,6,4369.3445
912,519,4,2017-05-27,2017-05-29,2017-05-29,1,2,2747.2395
913,699,4,2017-05-27,2017-05-29,2017-05-29,2,6,1422.963
914,1068,4,2017-05-28,2017-05-31,2017-05-31,1,2,3167.9562
915,215,4,2017-05-28,2017-05-30,2017-05-30,2,6,4397.9639
916,718,4,2017-05-28,2017-05-29,2017-05-29,2,6,167.99200000000002
917,881,4,2017-05-29,2017-05-31,2017-06-01,1,2,1367.0907
918,242,4,2017-05-30,2017-05-31,2017-05-31,1,3,7143.6644
919,781,4,2017-05-30,2017-05-31,2017-05-31,2,7,4205.981699999999
920,966,4,2017-05-30,2017-06-01,2017-06-02,2,7,5107.863799999999
921,628,4,2017-05-31,2017-06-02,2017-06-02,2,6,3105.9644
922,656,4,2017-05-31,2017-06-01,2017-06-03,2,6,1094.9750000000001
923,769,4,2017-05-31,2017-06-03,2017-06-02,2,7,1258.972
924,68,3,2017-06-02,2017-06-02,,3,8,1226.3760000000002
925,1316,4,2017-06-02,2017-06-05,2017-06-03,2,7,5925.474700000001
926,233,4,2017-06-03,2017-06-05,2017-06-06,1,2,607.984
927,1438,4,2017-06-03,2017-06-05,2017-06-06,1,2,12980.938699999999
928,957,4,2017-06-05,2017-06-06,2017-06-06,1,3,912.2729999999999
929,472,4,2017-06-05,2017-06-06,2017-06-08,2,6,7350.4645
930,1224,4,2017-06-05,2017-06-06,2017-06-06,3,9,24607.0261
931,631,4,2017-06-07,2017-06-08,2017-06-08,2,6,6749.973399999999
932,804,4,2017-06-07,2017-06-08,2017-06-09,2,6,417.9905
933,909,4,2017-06-07,2017-06-10,2017-06-08,2,6,2099.9637000000002
934,93,4,2017-06-09,2017-06-10,2017-06-12,2,7,16861.7462
935,43,3,2017-06-10,2017-06-10,,3,8,2061.7468
936,265,4,2017-06-10,2017-06-13,2017-06-12,2,6,1096.1817
937,73,4,2017-06-11,2017-06-14,2017-06-13,2,7,27050.718199999996
938,129,4,2017-06-11,2017-06-12,2017-06-12,2,6,3011.4809999999998
939,1407,4,2017-06-11,2017-06-12,2017-06-14,2,6,1856.0750000000003
940,585,4,2017-06-12,2017-06-14,2017-06-13,1,2,959.984
941,736,4,2017-06-12,2017-06-14,2017-06-14,1,2,4507.6134
942,537,4,2017-06-13,2017-06-16,2017-06-15,2,6,4318.0054
943,1025,4,2017-06-13,2017-06-15,2017-06-15,2,6,927.9840000000002
944,138,4,2017-06-14,2017-06-15,2017-06-17,1,3,5299.5328
945,167,4,2017-06-14,2017-06-15,2017-06-16,2,7,14172.218499999999
946,525,4,2017-06-14,2017-06-16,2017-06-15,2,6,18114.9309
947,278,4,2017-06-15,2017-06-18,2017-06-17,1,3,5226.6626
948,618,4,2017-06-15,2017-06-17,2017-06-17,2,6,3159.926
949,867,4,2017-06-16,2017-06-18,2017-06-17,1,3,10529.963
950,142,4,2017-06-16,2017-06-19,2017-06-18,2,6,5224.9905
951,339,4,2017-06-16,2017-06-19,2017-06-19,2,7,17479.957000000002
952,355,4,2017-06-16,2017-06-18,2017-06-18,2,7,3015.9718999999996
953,658,4,2017-06-16,2017-06-18,2017-06-17,2,7,557.9814
954,611,4,2017-06-17,2017-06-20,2017-06-20,2,6,5219.982
955,880,4,2017-06-17,2017-06-19,2017-06-18,2,6,11120.3254
956,1184,4,2017-06-17,2017-06-19,2017-06-20,2,6,3287.322
957,722,4,2017-06-17,2017-06-20,2017-06-20,3,9,3292.0045999999998
958,1276,4,2017-06-18,2017-06-20,2017-06-19,1,2,6089.983
959,650,4,2017-06-18,2017-06-21,2017-06-21,2,7,2701.1742
960,1390,4,2017-06-18,2017-06-19,2017-06-19,2,7,5333.335
961,82,4,2017-06-19,2017-06-21,2017-06-22,1,2,9605.976400000001
962,570,4,2017-06-19,2017-06-22,2017-06-20,2,7,1556.7828
963,1432,4,2017-06-19,2017-06-21,2017-06-21,2,6,2696.9907
964,404,4,2017-06-20,2017-06-22,2017-06-22,2,7,519.984
965,457,4,2017-06-20,2017-06-22,2017-06-23,2,6,377.982
966,389,4,2017-06-20,2017-06-22,2017-06-22,3,8,877.9812
967,1323,4,2017-06-21,2017-06-24,2017-06-24,2,6,2333.3559999999998
968,1403,4,2017-06-21,2017-06-23,2017-06-23,2,6,12595.073
969,248,4,2017-06-21,2017-06-24,2017-06-22,3,9,1101.683
970,836,4,2017-06-22,2017-06-25,2017-06-23,2,7,9161.946
971,1426,4,2017-06-22,2017-06-23,2017-06-24,3,8,6782.3368
972,270,4,2017-06-23,2017-06-24,2017-06-25,2,7,3646.9826999999996
973,238,4,2017-06-24,2017-06-27,2017-06-27,2,6,20177.7457
974,511,4,2017-06-24,2017-06-27,2017-06-27,3,8,1277.9660000000001
975,1092,4,2017-06-25,2017-06-27,2017-06-28,2,6,753.5840000000001
976,1266,4,2017-06-25,2017-06-28,2017-06-27,3,9,2474.9727
977,400,4,2017-06-26,2017-06-28,2017-06-27,2,7,4766.8345
978,1123,4,2017-06-26,2017-06-28,2017-06-27,2,6,2509.946
979,1190,4,2017-06-26,2017-06-29,2017-06-27,2,6,4922.9485
980,328,4,2017-06-26,2017-06-28,2017-06-27,3,9,8740.966
981,687,4,2017-06-26,2017-06-29,2017-06-28,3,8,7971.2261
982,1423,4,2017-06-26,2017-06-29,2017-06-28,3,9,11238.6544
983,1158,4,2017-06-27,2017-06-28,2017-06-29,2,6,6754.9376
984,1287,4,2017-06-27,2017-06-28,2017-06-29,2,7,2991.759
985,461,4,2017-06-30,2017-07-02,2017-07-01,2,6,5768.2144
986,556,4,2017-06-30,2017-07-03,2017-07-01,2,7,1902.5629
987,172,4,2017-07-02,2017-07-04,2017-07-04,1,2,14904.6167
988,436,4,2017-07-02,2017-07-04,2017-07-05,2,6,2200.8641
989,1145,4,2017-07-02,2017-07-04,2017-07-03,2,6,3172.4449
990,706,4,2017-07-04,2017-07-07,2017-07-07,2,7,2452.9480000000003
991,751,4,2017-07-06,2017-07-07,2017-07-09,1,2,5498.3679999999995
992,723,4,2017-07-07,2017-07-10,2017-07-09,2,7,6074.048199999999
993,1415,4,2017-07-09,2017-07-11,2017-07-11,1,3,9725.8374
994,419,4,2017-07-09,2017-07-11,2017-07-11,2,7,1613.3947
995,621,4,2017-07-11,2017-07-13,2017-07-14,1,2,1553.9650000000001
996,915,4,2017-07-11,2017-07-12,2017-07-12,1,2,1301.4715
997,485,4,2017-07-11,2017-07-13,2017-07-14,2,7,1635.5468
998,219,4,2017-07-12,2017-07-13,2017-07-14,2,7,1567.173
999,590,4,2017-07-12,2017-07-13,2017-07-14,2,6,1655.0719
1000,645,4,2017-07-12,2017-07-14,2017-07-15,2,7,3818.2929999999997
1001,354,4,2017-07-13,2017-07-16,2017-07-15,2,6,7179.9832
1002,1418,4,2017-07-14,2017-07-16,2017-07-16,1,3,4162.8555
1003,503,4,2017-07-14,2017-07-16,2017-07-16,2,7,13242.962
1004,1389,4,2017-07-14,2017-07-17,2017-07-16,2,6,1499.382
1005,266,4,2017-07-15,2017-07-17,2017-07-16,2,7,2681.957
1006,1070,4,2017-07-15,2017-07-18,2017-07-17,2,7,12774.245099999998
1007,1115,4,2017-07-16,2017-07-17,2017-07-17,2,6,3720.8885
1008,1345,4,2017-07-16,2017-07-18,2017-07-18,2,6,1287.5737000000001
1009,1064,4,2017-07-16,2017-07-19,2017-07-19,3,8,1060.1721
1010,8,3,2017-07-18,2017-07-18,,2,7,750.582
1011,495,4,2017-07-18,2017-07-21,2017-07-21,1,3,2446.941
1012,620,4,2017-07-18,2017-07-20,2017-07-20,2,7,2065.9827
1013,174,4,2017-07-19,2017-07-22,2017-07-21,2,6,2963.9809999999998
1014,748,4,2017-07-19,2017-07-21,2017-07-21,2,6,6382.9455
1015,799,4,2017-07-19,2017-07-22,2017-07-21,2,7,2873.94
1016,1417,4,2017-07-19,2017-07-20,2017-07-21,3,9,557.9814
1017,168,4,2017-07-20,2017-07-21,2017-07-23,2,6,3801.6487
1018,290,4,2017-07-22,2017-07-23,2017-07-23,2,6,1467.9554
1019,408,4,2017-07-22,2017-07-23,2017-07-24,2,7,2297.7575
1020,16,3,2017-07-23,2017-07-23,,2,6,15525.1157
1021,125,4,2017-07-23,2017-07-24,2017-07-26,2,6,7067.962799999998
1022,353,4,2017-07-23,2017-07-26,2017-07-24,2,7,3196.2044
1023,356,4,2017-07-23,2017-07-26,2017-07-25,2,6,9865.4727
1024,837,4,2017-07-23,2017-07-25,2017-07-26,2,7,6829.531
1025,1304,4,2017-07-23,2017-07-26,2017-07-26,2,6,2966.6441999999997
1026,1370,4,2017-07-26,2017-07-28,2017-07-29,1,2,7439.981399999999
1027,588,4,2017-07-26,2017-07-28,2017-07-28,2,6,1052.9630000000002
1028,1273,4,2017-07-27,2017-07-28,2017-07-30,2,7,5122.348
1029,407,4,2017-07-29,2017-07-30,2017-08-01,1,3,7719.957
1030,161,4,2017-07-29,2017-07-30,2017-07-31,2,6,4296.181500000001
1031,1308,4,2017-07-30,2017-08-01,2017-08-02,1,2,2319.9680000000003
1032,429,4,2017-07-30,2017-08-02,2017-08-01,2,6,3194.082
1033,582,4,2017-07-30,2017-07-31,2017-08-02,2,7,3168.5541
1034,895,4,2017-07-30,2017-07-31,2017-07-31,2,7,6929.1049
1035,1283,4,2017-07-30,2017-08-02,2017-08-02,2,6,279.992
1036,1442,4,2017-07-30,2017-08-01,2017-07-31,2,6,6987.2487
1037,1229,4,2017-07-31,2017-08-02,2017-08-03,2,6,2707.8278
1038,1281,4,2017-07-31,2017-08-01,2017-08-03,2,7,2932.4811999999997
1039,1077,4,2017-08-02,2017-08-04,2017-08-03,2,7,718.4000000000001
1040,1225,4,2017-08-04,2017-08-07,2017-08-05,1,2,10050.6281
1041,70,4,2017-08-04,2017-08-06,2017-08-05,2,7,9938.954399999999
1042,539,4,2017-08-06,2017-08-07,2017-08-07,2,7,269.99100000000004
1043,1235,4,2017-08-06,2017-08-09,2017-08-08,2,6,5417.9727
1044,1270,4,2017-08-07,2017-08-10,2017-08-08,2,7,629.9820000000001
1045,185,4,2017-08-07,2017-08-09,2017-08-10,3,9,3290.7715
1046,1134,4,2017-08-07,2017-08-09,2017-08-08,3,8,5723.7441
1047,116,3,2017-08-08,2017-08-08,,3,8,9134.705
1048,777,4,2017-08-08,2017-08-10,2017-08-09,2,7,2379.4635
1049,194,4,2017-08-09,2017-08-11,2017-08-10,1,2,8683.7537
1050,239,4,2017-08-09,2017-08-12,2017-08-12,1,3,3014.9314000000004
1051,209,4,2017-08-10,2017-08-11,2017-08-11,2,7,1127.992
1052,460,4,2017-08-10,2017-08-12,2017-08-13,2,6,5440.362399999999
1053,1439,4,2017-08-10,2017-08-11,2017-08-12,2,6,9919.920999999998
1054,189,4,2017-08-11,2017-08-12,2017-08-12,2,7,2069.3725
1055,140,4,2017-08-12,2017-08-15,2017-08-15,2,6,12909.9214
1056,325,4,2017-08-12,2017-08-15,2017-08-13,2,7,949.9905
1057,456,4,2017-08-12,2017-08-15,2017-08-13,2,7,1690.6635
1058,782,4,2017-08-13,2017-08-16,2017-08-14,2,6,7183.3227
1059,6,4,2017-08-14,2017-08-17,2017-08-17,2,7,6530.0626999999995
1060,182,4,2017-08-15,2017-08-18,2017-08-17,2,6,17746.5951
1061,655,4,2017-08-15,2017-08-18,2017-08-18,2,7,655.1907
1062,1210,4,2017-08-15,2017-08-17,2017-08-18,2,6,2705.007
1063,198,4,2017-08-16,2017-08-19,2017-08-19,3,8,2749.3474
1064,898,4,2017-08-16,2017-08-18,2017-08-19,3,9,3567.561
1065,25,4,2017-08-17,2017-08-19,2017-08-19,2,7,7093.753099999999
1066,106,4,2017-08-17,2017-08-20,2017-08-19,2,7,2770.963
1067,225,4,2017-08-17,2017-08-19,2017-08-19,2,7,7486.3314
1068,453,4,2017-08-17,2017-08-20,2017-08-19,2,7,7823.944000000001
1069,493,4,2017-08-17,2017-08-19,2017-08-18,2,6,576.7917
1070,596,4,2017-08-17,2017-08-20,2017-08-18,2,7,1422.4825
1071,602,4,2017-08-17,2017-08-20,2017-08-18,3,8,799.984
1072,47,3,2017-08-18,2017-08-18,,1,3,2059.9348
1073,911,4,2017-08-18,2017-08-19,2017-08-21,2,7,1611.0747000000001
1074,11,3,2017-08-19,2017-08-19,,2,6,2894.6637
1075,1003,4,2017-08-19,2017-08-21,2017-08-22,1,3,3594.863
1076,42,4,2017-08-19,2017-08-22,2017-08-22,2,6,2120.6630999999998
1077,412,4,2017-08-19,2017-08-20,2017-08-21,2,6,2963.9809999999998
1078,793,4,2017-08-19,2017-08-21,2017-08-20,2,6,7327.040100000001
1079,812,4,2017-08-19,2017-08-20,2017-08-20,2,7,1227.5814
1080,1086,4,2017-08-19,2017-08-20,2017-08-20,2,7,12400.848
1081,1106,4,2017-08-19,2017-08-22,2017-08-22,2,6,1576.7820000000002
1082,1327,4,2017-08-20,2017-08-22,2017-08-21,2,6,1599.9840000000002
1083,1372,4,2017-08-20,2017-08-23,2017-08-23,2,6,7021.1487
1084,2,4,2017-08-21,2017-08-24,2017-08-23,1,2,4410.3574
1085,305,4,2017-08-21,2017-08-23,2017-08-23,1,3,1238.5660000000003
1086,220,4,2017-08-21,2017-08-23,2017-08-24,2,7,6672.2946999999995
1087,675,4,2017-08-22,2017-08-23,2017-08-25,3,8,7253.619500000001
1088,1160,4,2017-08-22,2017-08-23,2017-08-23,3,8,3110.8567000000003
1089,46,3,2017-08-23,2017-08-23,,1,2,3127.5624
1090,1427,4,2017-08-24,2017-08-26,2017-08-26,1,2,351.992
1091,1260,4,2017-08-24,2017-08-25,2017-08-25,2,7,5686.5815
1092,40,4,2017-08-25,2017-08-28,2017-08-27,1,2,4015.6539
1093,326,4,2017-08-25,2017-08-28,2017-08-26,1,3,2768.3634
1094,828,4,2017-08-25,2017-08-27,2017-08-28,2,6,2716.7650000000003
1095,1382,4,2017-08-26,2017-08-28,2017-08-27,3,9,16491.52
1096,589,4,2017-08-27,2017-08-29,2017-08-29,1,2,1512.891
1097,1311,4,2017-08-27,2017-08-30,2017-08-28,2,6,3975.2343
1098,752,4,2017-08-28,2017-08-30,2017-08-30,1,2,170.991
1099,1128,4,2017-08-28,2017-08-29,2017-08-30,2,6,2643.2447
1100,1392,4,2017-08-28,2017-08-29,2017-08-29,2,7,5922.4725
1101,379,4,2017-08-29,2017-08-30,2017-08-30,2,7,6671.6012
1102,1317,4,2017-08-29,2017-08-31,2017-08-31,2,6,325.4907
1103,1394,4,2017-08-31,2017-09-02,2017-09-02,2,7,2615.976
1104,268,4,2017-09-01,2017-09-04,2017-09-03,2,6,7211.7234
1105,747,4,2017-09-01,2017-09-04,2017-09-03,3,8,11831.3359
1106,1009,4,2017-09-02,2017-09-04,2017-09-04,2,6,314.99100000000004
1107,1424,4,2017-09-02,2017-09-05,2017-09-05,2,7,6591.976000000001
1108,735,4,2017-09-03,2017-09-05,2017-09-04,1,3,2605.2824
1109,23,4,2017-09-03,2017-09-04,2017-09-04,2,6,1115.982
1110,912,4,2017-09-04,2017-09-07,2017-09-07,2,6,4949.991
1111,930,4,2017-09-04,2017-09-06,2017-09-05,2,6,1464.2552
1112,798,4,2017-09-05,2017-09-08,2017-09-07,2,7,11062.417099999999
1113,388,4,2017-09-06,2017-09-08,2017-09-07,2,7,418.4907
1114,1036,4,2017-09-06,2017-09-08,2017-09-08,2,6,700.792
1115,1100,4,2017-09-07,2017-09-09,2017-09-09,2,6,18670.928799999998
1116,52,4,2017-09-08,2017-09-10,2017-09-10,2,7,3126.6414
1117,334,4,2017-09-08,2017-09-10,2017-09-10,2,6,12663.956
1118,1023,4,2017-09-08,2017-09-11,2017-09-11,2,6,19329.9492
1119,749,4,2017-09-10,2017-09-12,2017-09-13,1,2,5893.554999999999
1120,1269,4,2017-09-10,2017-09-12,2017-09-13,2,7,4204.5258
1121,143,4,2017-09-11,2017-09-13,2017-09-12,2,7,3920.663
1122,1132,4,2017-09-12,2017-09-14,2017-09-14,2,6,15205.9284
1123,598,4,2017-09-13,2017-09-14,2017-09-14,2,7,9645.3834
1124,275,4,2017-09-13,2017-09-14,2017-09-16,3,9,11476.5364
1125,945,4,2017-09-14,2017-09-15,2017-09-15,2,7,4814.6255
1126,1213,4,2017-09-14,2017-09-16,2017-09-15,3,8,5244.955
1127,494,4,2017-09-15,2017-09-16,2017-09-16,2,7,1494.9554
1128,936,4,2017-09-15,2017-09-17,2017-09-16,2,6,2411.4714999999997
1129,663,4,2017-09-17,2017-09-18,2017-09-20,2,6,14567.157
1130,69,4,2017-09-18,2017-09-20,2017-09-20,1,3,5119.984
1131,1178,4,2017-09-18,2017-09-20,2017-09-19,1,3,3950.3624
1132,351,4,2017-09-19,2017-09-20,2017-09-20,2,6,8498.463
1133,517,4,2017-09-19,2017-09-21,2017-09-21,2,7,9044.927
1134,978,4,2017-09-19,2017-09-22,2017-09-20,2,6,1064.682
1135,1347,4,2017-09-19,2017-09-21,2017-09-20,2,6,6495.972
1136,1050,4,2017-09-20,2017-09-21,2017-09-21,2,6,480.591
1137,810,4,2017-09-20,2017-09-23,2017-09-23,3,8,10951.5614
1138,254,4,2017-09-21,2017-09-23,2017-09-22,1,2,1716.553
1139,1006,4,2017-09-21,2017-09-22,2017-09-23,1,2,6723.0765
1140,1063,4,2017-09-21,2017-09-22,2017-09-22,3,8,13765.5468
1141,1076,4,2017-09-22,2017-09-23,2017-09-24,1,2,1619.991
1142,554,4,2017-09-23,2017-09-26,2017-09-26,1,3,4459.2184
1143,1087,4,2017-09-24,2017-09-26,2017-09-27,1,2,2190.566
1144,1414,4,2017-09-24,2017-09-27,2017-09-27,2,7,176.6907
1145,617,4,2017-09-25,2017-09-27,2017-09-26,2,6,993.2213999999999
1146,757,4,2017-09-25,2017-09-26,2017-09-28,2,7,2511.4647000000004
1147,1344,4,2017-09-25,2017-09-26,2017-09-27,2,6,3377.973
1148,1379,4,2017-09-25,2017-09-26,2017-09-27,2,7,2834.8444
1149,787,4,2017-09-27,2017-09-30,2017-09-30,2,7,7575.3454
1150,1183,4,2017-09-28,2017-10-01,2017-09-30,2,7,2664.9644
1151,708,4,2017-09-29,2017-09-30,2017-09-30,1,3,1899.981
1152,1244,4,2017-09-29,2017-10-02,2017-10-01,2,6,5732.4652
1153,720,4,2017-09-30,2017-10-03,2017-10-03,2,7,1389.772
1154,789,4,2017-09-30,2017-10-03,2017-10-03,2,7,2195.5747
1155,865,4,2017-09-30,2017-10-01,2017-10-01,2,7,3995.6247000000003
1156,869,4,2017-09-30,2017-10-03,2017-10-03,2,7,1037.3715
1157,24,4,2017-10-01,2017-10-03,2017-10-04,1,3,5454.447700000001
1158,889,4,2017-10-01,2017-10-03,2017-10-02,1,2,949.1727000000001
1159,1221,4,2017-10-01,2017-10-02,2017-10-03,1,3,989.9820000000001
1160,1262,4,2017-10-01,2017-10-02,2017-10-04,1,2,3722.9829999999997
1161,41,4,2017-10-01,2017-10-04,2017-10-02,2,7,3278.0467
1162,888,4,2017-10-01,2017-10-03,2017-10-03,2,6,10728.4385
1163,934,4,2017-10-01,2017-10-02,2017-10-02,2,6,7999.962999999999
1164,1067,4,2017-10-01,2017-10-02,2017-10-03,2,6,4130.3445
1165,652,4,2017-10-02,2017-10-03,2017-10-05,2,7,1063.8921
1166,286,4,2017-10-03,2017-10-04,2017-10-04,2,7,1026.7014
1167,900,4,2017-10-04,2017-10-07,2017-10-06,1,2,4298.4537
1168,1031,4,2017-10-04,2017-10-05,2017-10-06,2,6,8787.1297
1169,1421,4,2017-10-04,2017-10-06,2017-10-07,2,7,17494.9405
1170,534,4,2017-10-05,2017-10-07,2017-10-06,2,6,16846.953999999998
1171,826,4,2017-10-05,2017-10-06,2017-10-08,2,6,3671.7054
1172,1339,4,2017-10-07,2017-10-10,2017-10-09,2,7,1590.8534
1173,548,4,2017-10-08,2017-10-10,2017-10-09,2,7,1949.6365
1174,1109,4,2017-10-08,2017-10-10,2017-10-11,2,6,1595.6657
1175,292,4,2017-10-09,2017-10-11,2017-10-12,2,6,13947.544899999999
1176,1111,4,2017-10-10,2017-10-13,2017-10-11,3,9,170.991
1177,21,3,2017-10-12,2017-10-12,,3,9,6905.972399999999
1178,771,4,2017-10-12,2017-10-15,2017-10-13,2,6,2891.7542000000003
1179,1150,4,2017-10-12,2017-10-15,2017-10-15,3,9,7091.936699999999
1180,1065,4,2017-10-13,2017-10-16,2017-10-16,1,3,466.84139999999996
1181,1022,4,2017-10-13,2017-10-16,2017-10-15,2,7,440.99100000000004
1182,1422,4,2017-10-13,2017-10-14,2017-10-16,2,7,7049.673
1183,216,4,2017-10-14,2017-10-17,2017-10-17,2,6,4912.157
1184,369,4,2017-10-14,2017-10-15,2017-10-16,2,6,1536.1215
1185,960,4,2017-10-14,2017-10-16,2017-10-17,2,6,7995.8047
1186,1120,4,2017-10-14,2017-10-16,2017-10-15,2,6,7159.9556999999995
1187,486,4,2017-10-15,2017-10-18,2017-10-16,2,6,5834.1357
1188,647,4,2017-10-15,2017-10-18,2017-10-17,2,7,1353.748
1189,1090,4,2017-10-15,2017-10-17,2017-10-18,2,6,12392.9547
1190,34,4,2017-10-16,2017-10-19,2017-10-17,2,6,387.8007
1191,186,4,2017-10-17,2017-10-18,2017-10-18,2,6,9833.6547
1192,1114,4,2017-10-17,2017-10-19,2017-10-18,2,6,1951.3474
1193,1412,4,2017-10-17,2017-10-19,2017-10-19,2,7,1234.9715
1194,192,4,2017-10-19,2017-10-22,2017-10-22,1,2,8901.794399999999
1195,229,4,2017-10-19,2017-10-21,2017-10-21,2,7,814.6707
1196,508,4,2017-10-19,2017-10-21,2017-10-20,2,6,697.4907
1197,269,4,2017-10-21,2017-10-23,2017-10-23,2,6,7526.036700000001
1198,1289,4,2017-10-22,2017-10-24,2017-10-24,2,7,507.2905
1199,318,4,2017-10-23,2017-10-24,2017-10-26,1,2,1662.0538999999999
1200,48,4,2017-10-23,2017-10-25,2017-10-26,2,6,3679.984
1201,201,4,2017-10-23,2017-10-24,2017-10-24,2,6,2548.9732
1202,593,4,2017-10-24,2017-10-25,2017-10-25,2,6,208.981
1203,1191,4,2017-10-25,2017-10-27,2017-10-26,2,7,3439.1719
1204,1277,4,2017-10-25,2017-10-28,2017-10-28,2,6,706.7814
1205,1091,4,2017-10-26,2017-10-28,2017-10-28,1,2,4445.0608999999995
1206,222,4,2017-10-26,2017-10-29,2017-10-29,2,6,80696.6907
1207,1002,4,2017-10-26,2017-10-28,2017-10-27,2,6,123367.22
1208,1226,4,2017-10-26,2017-10-28,2017-10-27,2,7,198805.01
1209,1342,4,2017-10-26,2017-10-27,2017-10-29,2,7,52778.119999999995
1210,730,4,2017-10-26,2017-10-27,2017-10-29,3,8,432702.54000000004
1211,19,4,2017-10-27,2017-10-28,2017-10-29,2,7,439494.15
1212,213,4,2017-10-27,2017-10-30,2017-10-29,2,6,4789.734799999999
1213,669,4,2017-10-27,2017-10-29,2017-10-29,3,9,2899.4846
1214,783,4,2017-10-28,2017-10-29,2017-10-29,2,6,10998.0295
1215,807,4,2017-10-28,2017-10-31,2017-10-30,2,7,4231.121999999999
1216,886,4,2017-10-28,2017-10-30,2017-10-29,2,7,9927.2049
1217,1155,4,2017-10-28,2017-10-31,2017-10-30,2,7,1567.4715
1218,1017,4,2017-10-30,2017-11-01,2017-10-31,1,2,1368.0717
1219,840,4,2017-10-30,2017-11-02,2017-11-02,2,7,15097.905999999999
1220,803,4,2017-10-31,2017-11-03,2017-11-03,2,6,12867.958
1221,1290,4,2017-10-31,2017-11-02,2017-11-01,2,7,8336.4169
1222,482,4,2017-11-01,2017-11-04,2017-11-03,3,9,279.992
1223,1207,4,2017-11-02,2017-11-03,2017-11-03,2,6,524.3905
1224,544,4,2017-11-03,2017-11-04,2017-11-04,2,6,9908.464199999999
1225,768,4,2017-11-04,2017-11-05,2017-11-07,1,2,6515.955
1226,226,4,2017-11-04,2017-11-07,2017-11-06,2,7,13033.596099999999
1227,702,4,2017-11-04,2017-11-07,2017-11-06,2,6,6762.1399
1228,1041,4,2017-11-04,2017-11-06,2017-11-06,2,6,5627.956999999999
1229,89,4,2017-11-05,2017-11-08,2017-11-06,1,3,10549.3434
1230,1107,4,2017-11-05,2017-11-06,2017-11-07,2,6,1868.9634
1231,1180,4,2017-11-05,2017-11-07,2017-11-06,2,6,1753.7717
1232,665,4,2017-11-06,2017-11-07,2017-11-09,1,3,7040.846399999999
1233,462,4,2017-11-06,2017-11-07,2017-11-08,2,6,11463.958
1234,19,3,2017-11-07,2017-11-07,,2,6,11005.582799999998
1235,210,4,2017-11-07,2017-11-08,2017-11-09,2,6,3599.991
1236,243,4,2017-11-08,2017-11-11,2017-11-09,2,7,2658.7627
1237,571,4,2017-11-09,2017-11-12,2017-11-11,1,2,6578.9291
1238,998,4,2017-11-09,2017-11-10,2017-11-11,2,6,5528.957
1239,1197,4,2017-11-09,2017-11-10,2017-11-11,2,7,2800.2975
1240,903,4,2017-11-10,2017-11-11,2017-11-11,2,7,5588.5185
1241,1170,4,2017-11-10,2017-11-12,2017-11-11,2,7,1210.2714999999998
1242,303,4,2017-11-11,2017-11-12,2017-11-12,2,6,3136.0432
1243,346,4,2017-11-11,2017-11-13,2017-11-14,2,6,502.1907
1244,333,4,2017-11-12,2017-11-14,2017-11-13,2,6,2840.0461
1245,1166,4,2017-11-13,2017-11-16,2017-11-14,2,7,242.991
1246,1329,4,2017-11-13,2017-11-16,2017-11-16,2,7,3994.4559
1247,426,4,2017-11-16,2017-11-18,2017-11-17,1,2,6023.9545
1248,1367,4,2017-11-16,2017-11-17,2017-11-18,1,3,2032.4445
1249,545,4,2017-11-17,2017-11-18,2017-11-20,2,6,7782.873
1250,1188,4,2017-11-17,2017-11-19,2017-11-18,2,6,3668.926
1251,289,4,2017-11-17,2017-11-19,2017-11-19,3,9,17834.9634
1252,110,4,2017-11-18,2017-11-20,2017-11-21,1,3,4210.365
1253,44,4,2017-11-18,2017-11-21,2017-11-21,2,6,1303.0647000000001
1254,1098,4,2017-11-18,2017-11-19,2017-11-19,2,7,889.5840000000001
1255,375,4,2017-11-19,2017-11-20,2017-11-21,2,6,11391.43
1256,458,4,2017-11-19,2017-11-20,2017-11-22,2,6,1304.9750000000001
1257,1136,4,2017-11-19,2017-11-22,2017-11-20,2,7,11428.652999999998
1258,1099,4,2017-11-20,2017-11-21,2017-11-22,2,7,1019.963
1259,4,3,2017-11-21,2017-11-21,,2,7,1763.191
1260,1117,4,2017-11-22,2017-11-23,2017-11-24,2,6,1845.882
1261,435,4,2017-11-23,2017-11-25,2017-11-24,2,7,3439.4575
1262,509,4,2017-11-23,2017-11-26,2017-11-26,2,6,11787.5533
1263,1408,4,2017-11-23,2017-11-26,2017-11-26,2,6,4829.1825
1264,113,4,2017-11-24,2017-11-27,2017-11-25,2,6,4236.3466
1265,950,4,2017-11-24,2017-11-27,2017-11-27,2,7,3799.1634
1266,387,4,2017-11-25,2017-11-28,2017-11-27,2,6,1367.984
1267,467,4,2017-11-25,2017-11-26,2017-11-26,2,6,2357.9642
1268,774,4,2017-11-26,2017-11-28,2017-11-29,1,3,5806.037499999999
1269,1236,4,2017-11-26,2017-11-29,2017-11-29,2,6,8263.867
1270,1388,4,2017-11-26,2017-11-29,2017-11-29,2,6,2559.992
1271,734,4,2017-11-27,2017-11-30,2017-11-30,2,6,13287.526199999998
1272,935,4,2017-11-27,2017-11-29,2017-11-30,2,6,1850.0567
1273,1268,4,2017-11-27,2017-11-29,2017-11-29,2,6,5115.9641
1274,1364,4,2017-11-28,2017-11-29,2017-12-01,2,7,989.991
1275,165,4,2017-11-29,2017-12-01,2017-11-30,1,2,5549.981699999999
1276,893,4,2017-11-30,2017-12-03,2017-12-02,2,6,8820.1505
1277,227,4,2017-12-01,2017-12-04,2017-12-02,2,6,18553.73
1278,980,4,2017-12-01,2017-12-02,2017-12-04,2,7,1416.573
1279,1014,4,2017-12-01,2017-12-04,2017-12-03,2,6,5699.981
1280,123,4,2017-12-01,2017-12-03,2017-12-03,3,9,5185.8346
1281,1060,4,2017-12-02,2017-12-05,2017-12-05,2,6,8011.311999999999
1282,320,4,2017-12-03,2017-12-05,2017-12-05,2,6,10047.424500000001
1283,85,4,2017-12-04,2017-12-07,2017-12-07,2,7,15747.747
1284,128,4,2017-12-04,2017-12-06,2017-12-07,2,7,7536.1622
1285,262,4,2017-12-04,2017-12-07,2017-12-07,2,7,2484.4274
1286,1033,4,2017-12-04,2017-12-07,2017-12-06,2,7,2889.8561
1287,279,4,2017-12-07,2017-12-10,2017-12-09,1,3,9327.738000000001
1288,778,4,2017-12-07,2017-12-10,2017-12-09,3,9,8481.898000000001
1289,1292,4,2017-12-08,2017-12-11,2017-12-10,1,3,1099.4814999999999
1290,967,4,2017-12-08,2017-12-10,2017-12-10,2,6,2309.3035
1291,1284,4,2017-12-09,2017-12-11,2017-12-12,2,6,11299.972
1292,285,4,2017-12-10,2017-12-13,2017-12-11,2,6,613.7907
1293,1401,4,2017-12-10,2017-12-12,2017-12-11,2,7,2200.9444
1294,947,4,2017-12-11,2017-12-13,2017-12-14,1,2,1082.9715
1295,37,4,2017-12-11,2017-12-12,2017-12-14,2,7,6945.766500000001
1296,231,4,2017-12-14,2017-12-17,2017-12-15,1,3,3058.9445
1297,108,4,2017-12-14,2017-12-17,2017-12-16,2,6,18281.4729
1298,533,4,2017-12-14,2017-12-17,2017-12-16,3,9,3346.0319
1299,1216,4,2017-12-15,2017-12-18,2017-12-16,1,2,2780.547
1300,824,4,2017-12-15,2017-12-17,2017-12-17,2,6,10132.3624
1301,1088,4,2017-12-16,2017-12-19,2017-12-19,1,3,3793.1580000000004
1302,322,4,2017-12-16,2017-12-18,2017-12-19,2,7,11832.453899999999
1303,878,4,2017-12-16,2017-12-19,2017-12-18,2,7,7984.939
1304,1409,4,2017-12-16,2017-12-17,2017-12-17,2,6,2093.4135
1305,257,4,2017-12-17,2017-12-19,2017-12-18,2,7,5315.9042
1306,28,4,2017-12-20,2017-12-21,2017-12-22,2,6,11210.7278
1307,1384,4,2017-12-22,2017-12-23,2017-12-25,1,2,2518.1494000000002
1308,713,4,2017-12-22,2017-12-24,2017-12-24,2,7,8712.8466
1309,821,4,2017-12-22,2017-12-25,2017-12-24,2,6,633.6245
1310,444,4,2017-12-24,2017-12-25,2017-12-26,1,3,8945.75
1311,1021,4,2017-12-24,2017-12-26,2017-12-27,2,6,5863.4454
1312,311,4,2017-12-25,2017-12-28,2017-12-26,1,3,1250.8636999999999
1313,1294,4,2017-12-25,2017-12-27,2017-12-27,1,3,1243.7847000000002
1314,1027,4,2017-12-25,2017-12-26,2017-12-28,2,7,2217.6427000000003
1315,931,4,2017-12-25,2017-12-27,2017-12-28,3,9,4305.9576
1316,846,4,2017-12-26,2017-12-29,2017-12-27,1,3,728.9730000000001
1317,418,4,2017-12-27,2017-12-28,2017-12-29,1,3,593.991
1318,75,4,2017-12-27,2017-12-30,2017-12-29,2,6,7228.050700000001
1319,604,4,2017-12-27,2017-12-30,2017-12-30,2,6,837.9827
1320,244,4,2017-12-28,2017-12-30,2017-12-29,1,3,1113.2655
1321,217,4,2017-12-30,2017-12-31,2017-12-31,1,3,3824.0640000000003
1322,39,4,2017-12-31,,,2,7,5665.762
1323,273,4,2017-12-31,,,2,6,3056.9624
1324,862,4,,,,2,6,5835.858
1325,68,4,,,,3,8,8729.9627
1326,567,4,,,,3,9,5579.962799999999
1327,1026,4,,,,2,6,7938.9374
1328,1083,4,2018-01-02,2018-01-03,2018-01-03,2,6,3866.0454
1329,443,4,2018-01-04,2018-01-05,2018-01-06,1,3,4685.0969
1330,761,4,2018-01-04,2018-01-05,2018-01-07,2,7,3546.929
1331,1122,4,2018-01-05,2018-01-06,2018-01-08,2,6,6701.455
1332,256,4,2018-01-06,2018-01-07,2018-01-09,2,7,2658.1454
1333,203,4,2018-01-06,2018-01-07,2018-01-07,3,8,12369.6265
1334,425,4,2018-01-07,2018-01-09,2018-01-10,2,6,20509.4254
1335,955,4,2018-01-07,2018-01-08,2018-01-08,2,7,4274.981
1336,904,4,2018-01-09,2018-01-10,2018-01-12,1,2,14397.1379
1337,970,4,2018-01-09,2018-01-12,2018-01-12,2,7,4499.991
1338,905,4,2018-01-10,2018-01-11,2018-01-13,2,6,12089.981399999999
1339,580,4,2018-01-11,2018-01-14,2018-01-13,1,3,2975.9906999999994
1340,1066,4,2018-01-12,2018-01-13,2018-01-13,1,3,4030.957
1341,1258,4,2018-01-12,2018-01-13,2018-01-14,2,7,12381.8274
1342,1393,4,2018-01-12,2018-01-13,2018-01-15,2,7,1681.4809999999998
1343,594,4,2018-01-13,2018-01-15,2018-01-14,2,6,9942.14
1344,916,4,2018-01-13,2018-01-16,2018-01-15,2,6,7951.1467999999995
1345,1037,4,2018-01-14,2018-01-15,2018-01-15,2,6,17758.349
1346,136,4,2018-01-14,2018-01-15,2018-01-15,3,8,8797.0465
1347,247,4,2018-01-15,2018-01-18,2018-01-18,1,2,10570.471899999999
1348,1214,4,2018-01-15,2018-01-17,2018-01-17,1,2,20648.9537
1349,464,4,2018-01-15,2018-01-17,2018-01-16,2,6,18853.3544
1350,637,4,2018-01-15,2018-01-18,2018-01-17,2,7,8127.9469
1351,1016,4,2018-01-16,2018-01-19,2018-01-19,2,7,1797.975
1352,1433,4,2018-01-16,2018-01-18,2018-01-18,2,6,4226.230500000001
1353,502,4,2018-01-17,2018-01-19,2018-01-18,2,6,2312.4447
1354,476,4,2018-01-19,2018-01-20,2018-01-21,1,3,1394.9814
1355,1010,4,2018-01-19,2018-01-21,2018-01-20,2,7,9479.9557
1356,1161,4,2018-01-19,2018-01-21,2018-01-22,2,6,8445.9545
1357,440,4,2018-01-20,2018-01-23,2018-01-21,2,6,4863.968000000001
1358,253,4,2018-01-21,2018-01-23,2018-01-24,1,2,1439.9840000000002
1359,1008,4,2018-01-21,2018-01-22,2018-01-22,3,9,892.981
1360,71,4,2018-01-22,2018-01-25,2018-01-24,2,6,1551.3405
1361,1084,4,2018-01-22,2018-01-24,2018-01-23,2,7,8303.3719
1362,310,4,2018-01-23,2018-01-24,2018-01-25,2,6,12935.949399999998
1363,860,4,2018-01-24,2018-01-25,2018-01-25,2,6,451.78200000000004
1364,122,4,2018-01-25,2018-01-28,2018-01-28,2,6,24890.6244
1365,689,4,2018-01-25,2018-01-28,2018-01-27,2,7,6803.9719
1366,1441,4,2018-01-26,2018-01-27,2018-01-28,2,6,9173.3817
1367,1118,4,2018-01-27,2018-01-28,2018-01-28,1,3,7947.442000000001
1368,765,4,2018-01-27,2018-01-28,2018-01-29,2,6,4737.2644
1369,92,4,2018-01-28,2018-01-30,2018-01-30,2,6,512.981
1370,115,4,2018-01-28,2018-01-29,2018-01-29,2,7,8327.9477
1371,937,4,2018-01-29,2018-01-30,2018-02-01,2,7,3865.7654
1372,1013,4,2018-01-29,2018-02-01,2018-01-30,2,6,1209.4747
1373,427,4,2018-01-29,2018-01-31,2018-01-31,3,9,3149.991
1374,1330,4,2018-01-30,2018-02-01,2018-02-01,1,3,5891.162399999999
1375,312,4,2018-01-30,2018-02-01,2018-02-01,3,8,5419.973
1376,1186,4,2018-02-01,2018-02-02,2018-02-03,1,2,1228.5207
1377,1007,4,2018-02-01,2018-02-03,2018-02-03,2,7,18278.9436
1378,983,4,2018-02-02,2018-02-05,2018-02-04,1,2,9712.9515
1379,1256,4,2018-02-02,2018-02-05,2018-02-05,2,6,1538.964
1380,818,4,2018-02-05,2018-02-08,2018-02-08,1,3,2419.7634
1381,680,4,2018-02-05,2018-02-06,2018-02-08,2,7,1987.966
1382,1303,4,2018-02-06,2018-02-09,2018-02-08,2,6,5332.9466999999995
1383,488,4,2018-02-07,2018-02-08,2018-02-08,1,3,6259.265
1384,1126,4,2018-02-08,2018-02-10,2018-02-09,2,7,6718.5542
1385,866,4,2018-02-08,2018-02-11,2018-02-09,3,9,6843.9442
1386,1254,4,2018-02-09,2018-02-10,2018-02-11,1,2,5515.9646999999995
1387,11,4,2018-02-09,2018-02-11,2018-02-11,2,7,404.99100000000004
1388,323,4,2018-02-09,2018-02-12,2018-02-12,2,7,2699.991
1389,491,4,2018-02-11,2018-02-12,2018-02-14,2,7,6971.553699999999
1390,63,4,2018-02-12,2018-02-13,2018-02-13,2,7,9200.825499999999
1391,914,4,2018-02-13,2018-02-14,2018-02-14,2,7,1793.7574
1392,1187,4,2018-02-13,2018-02-14,2018-02-14,2,6,2013.9650000000001
1393,547,4,2018-02-14,2018-02-15,2018-02-15,2,7,11183.043399999999
1394,906,4,2018-02-14,2018-02-16,2018-02-16,3,8,4749.981
1395,1052,4,2018-02-15,2018-02-18,2018-02-16,1,3,7663.9490000000005
1396,856,4,2018-02-15,2018-02-18,2018-02-16,2,7,3659.9825
1397,920,4,2018-02-15,2018-02-17,2018-02-16,2,6,9314.8357
1398,1383,4,2018-02-16,2018-02-19,2018-02-19,1,3,1392.2730000000001
1399,146,4,2018-02-16,2018-02-18,2018-02-18,2,6,6183.5624
1400,987,4,2018-02-17,2018-02-18,2018-02-18,2,6,2738.2497000000003
1401,15,4,2018-02-18,2018-02-19,2018-02-20,2,7,1961.8652000000002
1402,1171,4,2018-02-19,2018-02-21,2018-02-21,2,6,14249.6462
1403,452,4,2018-02-21,2018-02-22,2018-02-22,2,7,377.982
1404,1240,4,2018-02-23,2018-02-26,2018-02-24,1,3,5444.955999999999
1405,100,4,2018-02-25,2018-02-28,2018-02-27,2,6,5399.982
1406,1053,4,2018-02-25,2018-02-27,2018-02-27,2,7,1257.972
1407,18,3,2018-02-26,2018-02-26,,2,6,3285.7555
1408,1172,4,2018-02-26,2018-02-27,2018-03-01,2,6,5777.7667
1409,21,4,2018-02-26,2018-02-28,2018-02-28,3,8,9481.434599999999
1410,1005,4,2018-02-27,2018-02-28,2018-02-28,2,7,17611.957000000002
1411,109,4,2018-03-01,2018-03-02,2018-03-02,1,2,3899.9750000000004
1412,1043,4,2018-03-01,2018-03-02,2018-03-04,2,7,7256.773799999999
1413,56,4,2018-03-01,2018-03-03,2018-03-04,3,8,531.981
1414,293,4,2018-03-03,2018-03-05,2018-03-06,2,7,6102.963
1415,839,4,2018-03-03,2018-03-04,2018-03-05,2,7,4521.8839
1416,566,4,2018-03-03,2018-03-04,2018-03-06,3,8,4458.955
1417,300,4,2018-03-04,2018-03-06,2018-03-07,1,2,1023.984
1418,364,4,2018-03-04,2018-03-05,2018-03-07,2,6,5291.965
1419,474,4,2018-03-04,2018-03-07,2018-03-07,2,6,3644.045
1420,838,4,2018-03-04,2018-03-05,2018-03-07,2,7,9849.074
1421,1176,4,2018-03-05,2018-03-07,2018-03-07,2,7,531.981
1422,599,4,2018-03-05,2018-03-06,2018-03-08,3,8,3535.2759
1423,1231,4,2018-03-06,2018-03-07,2018-03-07,1,2,2119.259
1424,1445,4,2018-03-07,2018-03-10,2018-03-10,1,2,7999.984
1425,126,4,2018-03-07,2018-03-09,2018-03-09,2,6,10314.924799999999
1426,938,4,2018-03-07,2018-03-08,2018-03-10,2,6,2135.0624
1427,999,4,2018-03-07,2018-03-08,2018-03-08,2,6,6530.911899999999
1428,195,4,2018-03-08,2018-03-10,2018-03-11,2,7,14935.0311
1429,1116,4,2018-03-08,2018-03-09,2018-03-09,2,6,1055.9840000000002
1430,1239,4,2018-03-10,2018-03-13,2018-03-11,2,7,601.5812
1431,308,4,2018-03-11,2018-03-12,2018-03-14,2,6,7394.9644
1432,483,4,2018-03-11,2018-03-12,2018-03-14,2,6,1519.2
1433,1142,4,2018-03-11,2018-03-13,2018-03-12,2,7,232.4907
1434,595,4,2018-03-14,2018-03-16,2018-03-16,2,6,13191.9384
1435,744,4,2018-03-14,2018-03-15,2018-03-16,2,6,5923.9551
1436,1044,4,2018-03-14,2018-03-17,2018-03-16,2,6,1041.5814
1437,518,4,2018-03-15,2018-03-16,2018-03-16,1,2,3039.9809999999998
1438,263,4,2018-03-15,2018-03-17,2018-03-16,2,6,14405.0464
1439,463,4,2018-03-15,2018-03-16,2018-03-17,2,7,10266.9542
1440,859,4,2018-03-15,2018-03-18,2018-03-16,3,8,7659.3381
1441,982,4,2018-03-15,2018-03-16,2018-03-18,3,8,2877.7652
1442,478,4,2018-03-16,2018-03-17,2018-03-17,2,7,4700.0627
1443,972,4,2018-03-16,2018-03-17,2018-03-17,2,7,6396.9646999999995
1444,1154,4,2018-03-16,2018-03-17,2018-03-19,2,6,3227.391
1445,515,4,2018-03-17,2018-03-18,2018-03-20,2,7,3766.6347
1446,820,4,2018-03-17,2018-03-18,2018-03-18,2,6,3229.9525
1447,1419,4,2018-03-18,2018-03-20,2018-03-20,1,3,4399.992
1448,228,4,2018-03-18,2018-03-19,2018-03-21,2,6,674.991
1449,330,4,2018-03-18,2018-03-19,2018-03-20,2,7,11972.927099999999
1450,296,4,2018-03-19,2018-03-20,2018-03-22,2,7,13773.627700000001
1451,822,4,2018-03-19,2018-03-22,2018-03-20,2,6,1396.4904999999999
1452,287,4,2018-03-20,2018-03-23,2018-03-23,1,3,2320.5564000000004
1453,601,4,2018-03-20,2018-03-23,2018-03-22,1,3,377.982
1454,395,4,2018-03-20,2018-03-21,2018-03-22,2,6,4041.1537
1455,405,4,2018-03-20,2018-03-22,2018-03-21,2,6,1245.973
1456,754,4,2018-03-20,2018-03-21,2018-03-23,2,7,6887.1357
1457,1411,4,2018-03-20,2018-03-23,2018-03-23,2,6,4960.4587
1458,1029,4,2018-03-20,2018-03-22,2018-03-21,3,8,2804.1440000000002
1459,9,4,2018-03-21,2018-03-22,2018-03-22,2,7,1133.91
1460,1131,4,2018-03-21,2018-03-23,2018-03-23,2,7,14566.4345
1461,139,4,2018-03-22,2018-03-25,2018-03-23,2,6,2319.976
1462,1101,4,2018-03-22,2018-03-24,2018-03-24,2,6,4196.9552
1463,692,4,2018-03-23,2018-03-24,2018-03-24,2,7,13821.530999999999
1464,1279,4,2018-03-24,2018-03-25,2018-03-25,2,7,8936.446
1465,623,4,2018-03-25,2018-03-28,2018-03-28,2,7,1253.981
1466,738,4,2018-03-26,2018-03-29,2018-03-28,1,3,9532.3529
1467,152,4,2018-03-26,2018-03-27,2018-03-29,2,7,3643.5440000000003
1468,3,4,2018-03-27,2018-03-30,2018-03-29,1,2,15999.962599999999
1469,1135,4,2018-03-27,2018-03-28,2018-03-30,3,8,6150.9367
1470,505,4,2018-03-28,2018-03-31,2018-03-31,2,7,6813.7535
1471,1310,4,2018-03-28,2018-03-30,2018-03-29,2,7,5833.974699999999
1472,114,4,2018-03-29,2018-03-30,2018-03-31,2,6,727.984
1473,302,4,2018-03-30,2018-04-01,2018-04-02,1,2,631.6747
1474,816,4,2018-03-30,2018-04-01,2018-04-02,1,3,1669.9825
1475,112,4,2018-03-30,2018-04-01,2018-03-31,2,6,7952.0464
1476,35,4,2018-03-31,2018-04-01,2018-04-01,2,7,14573.926499999998
1477,180,4,2018-03-31,2018-04-03,2018-04-01,2,6,2478.4
1478,392,4,2018-03-31,2018-04-02,2018-04-02,2,6,1681.9740000000002
1479,23,2,2018-04-01,2018-04-01,,2,7,3659.9815
1480,27,2,2018-04-01,2018-04-01,,2,7,4714.1268
1481,62,1,2018-04-01,2018-04-01,,2,6,2222.9723999999997
1482,94,1,2018-04-01,2018-04-01,,2,7,25365.4344
1483,15,1,2018-04-02,2018-04-02,,2,7,1730.2718999999997
1484,35,2,2018-04-02,2018-04-02,,2,6,7487.1464
1485,51,2,2018-04-02,2018-04-02,,2,7,4255.976
1486,84,2,2018-04-02,2018-04-02,,2,7,4050.4534999999996
1487,33,1,2018-04-03,2018-04-03,,1,3,12259.939699999999
1488,181,2,2018-04-03,2018-04-03,,1,3,4463.9814
1489,194,1,2018-04-03,2018-04-03,,1,3,3636.3669999999997
1490,217,2,2018-04-03,2018-04-03,,1,3,1248.9724999999999
1491,82,1,2018-04-04,2018-04-04,,1,3,9389.0373
1492,41,1,2018-04-04,2018-04-04,,2,7,683.9820000000001
1493,64,2,2018-04-04,2018-04-04,,3,8,386.99100000000004
1494,69,2,2018-04-05,2018-04-05,,1,3,2448.947
1495,86,2,2018-04-05,2018-04-05,,2,7,4242.0650000000005
1496,3,1,2018-04-06,2018-04-06,,1,3,4270.436900000001
1497,31,2,2018-04-06,2018-04-06,,1,2,14655.9474
1498,81,1,2018-04-06,2018-04-06,,1,2,4527.9719
1499,120,2,2018-04-06,2018-04-06,,1,2,8897.884699999999
1500,151,2,2018-04-06,2018-04-06,,1,3,3031.7721
1501,52,1,2018-04-06,2018-04-06,,2,6,3341.0137
1502,83,2,2018-04-06,2018-04-06,,2,6,3764.0881
1503,208,2,2018-04-07,2018-04-07,,1,3,1673.972
1504,237,2,2018-04-08,2018-04-08,,1,2,297.59069999999997
1505,22,1,2018-04-08,2018-04-08,,2,7,12099.9434
1506,75,1,2018-04-08,2018-04-08,,2,7,25574.9555
1507,85,2,2018-04-08,2018-04-08,,2,6,7447.3284
1508,92,2,2018-04-08,2018-04-08,,2,6,2524.1544999999996
1509,2,1,2018-04-09,2018-04-09,,1,3,1394.9814
1510,16,2,2018-04-09,2018-04-09,,2,6,14839.985999999999
1511,25,1,2018-04-09,2018-04-09,,2,6,7435.5052000000005
1512,68,1,2018-04-09,2018-04-09,,3,9,846.2906999999999
1513,32,2,2018-04-10,2018-04-10,,1,2,14544.953
1514,87,2,2018-04-10,2018-04-10,,1,3,11119.963
1515,61,1,2018-04-10,2018-04-10,,3,9,15645.922
1516,47,2,2018-04-11,2018-04-11,,1,3,14035.925
1517,97,1,2018-04-11,2018-04-11,,1,2,6127.962399999999
1518,175,1,2018-04-11,2018-04-11,,1,2,11673.944
1519,26,2,2018-04-11,2018-04-11,,2,7,7744.689
1520,66,2,2018-04-11,2018-04-11,,3,8,11710.9379
1521,53,1,2018-04-12,2018-04-12,,1,3,4779.951
1522,78,1,2018-04-12,2018-04-12,,1,3,3125.0724
1523,8,1,2018-04-12,2018-04-12,,2,7,1199.9840000000002
1524,37,1,2018-04-12,2018-04-12,,2,6,7066.0599999999995
1525,38,2,2018-04-12,2018-04-12,,2,7,10963.1217
1526,59,2,2018-04-12,2018-04-12,,2,7,7712.4632
1527,13,2,2018-04-12,2018-04-12,,3,9,4747.362499999999
1528,20,1,2018-04-12,2018-04-12,,3,8,687.984
1529,50,1,2018-04-12,2018-04-12,,3,8,11084.9725
1530,110,1,2018-04-13,2018-04-13,,1,2,1160.973
1531,233,1,2018-04-13,2018-04-13,,1,2,1709.1000000000001
1532,7,2,2018-04-13,2018-04-13,,2,7,5579.9814
1533,28,2,2018-04-13,2018-04-13,,2,6,8782.136999999999
1534,18,2,2018-04-14,2018-04-14,,2,7,9986.4495
1535,19,2,2018-04-14,2018-04-14,,2,7,1339.4715
1536,34,2,2018-04-14,2018-04-14,,2,7,10647.9574
1537,36,1,2018-04-15,2018-04-15,,2,6,1614.981
1538,79,2,2018-04-15,2018-04-15,,2,6,10608.6358
1539,116,1,2018-04-15,2018-04-15,,3,9,1937.962
1540,187,1,2018-04-16,2018-04-16,,1,2,12914.135199999999
1541,10,2,2018-04-16,2018-04-16,,2,7,29147.0264
1542,58,2,2018-04-16,2018-04-16,,2,6,11580.331
1543,76,1,2018-04-16,2018-04-16,,2,6,4868.5284
1544,5,1,2018-04-17,2018-04-17,,1,2,6967.166
1545,67,1,2018-04-17,2018-04-17,,1,3,782.991
1546,91,2,2018-04-17,2018-04-17,,1,3,12039.9545
1547,169,1,2018-04-17,2018-04-17,,1,3,3599.976
1548,170,1,2018-04-17,2018-04-17,,1,2,9277.9657
1549,17,1,2018-04-17,2018-04-17,,2,7,3899.4455
1550,39,1,2018-04-17,2018-04-17,,2,6,12117.7254
1551,70,1,2018-04-17,2018-04-17,,2,7,6399.984
1552,73,1,2018-04-17,2018-04-17,,2,7,4862.972
1553,30,2,2018-04-18,2018-04-18,,1,3,4000.1627
1554,172,1,2018-04-18,2018-04-18,,1,3,936.4825000000001
1555,1,1,2018-04-18,2018-04-18,,2,7,13431.056
1556,4,2,2018-04-18,2018-04-18,,2,6,8987.7287
1557,121,2,2018-04-19,2018-04-19,,1,3,2509.14
1558,63,1,2018-04-19,2018-04-19,,2,6,10885.5453
1559,42,2,2018-04-20,2018-04-20,,2,6,7084.4544000000005
1560,57,1,2018-04-20,2018-04-20,,2,7,2775.976
1561,65,2,2018-04-20,2018-04-20,,2,7,4623.962399999999
1562,88,1,2018-04-20,2018-04-20,,2,7,8712.765399999998
1563,77,2,2018-04-20,2018-04-20,,3,9,3254.9906999999994
1564,46,1,2018-04-21,2018-04-21,,1,3,1079.9817
1565,60,2,2018-04-21,2018-04-21,,1,2,2719.3474
1566,72,1,2018-04-21,2018-04-21,,1,3,10373.9715
1567,89,2,2018-04-21,2018-04-21,,1,2,255.99200000000002
1568,192,2,2018-04-21,2018-04-21,,1,3,5306.5937
1569,29,2,2018-04-22,2018-04-22,,2,7,2699.991
1570,54,2,2018-04-22,2018-04-22,,2,7,11159.990699999998
1571,80,1,2018-04-22,2018-04-22,,2,7,2740.7567
1572,14,1,2018-04-22,2018-04-22,,3,9,8237.947499999998
1573,24,2,2018-04-23,2018-04-23,,1,2,6495.5266
1574,124,1,2018-04-23,2018-04-23,,1,2,422.99100000000004
1575,224,2,2018-04-23,2018-04-23,,1,3,9182.2284
1576,12,2,2018-04-23,2018-04-23,,2,7,7350.111999999999
1577,48,1,2018-04-23,2018-04-23,,2,7,8025.8679999999995
1578,93,2,2018-04-23,2018-04-23,,2,7,8750.955899999999
1579,104,2,2018-04-24,2018-04-24,,1,2,5019.954199999999
1580,191,2,2018-04-24,2018-04-24,,1,2,1114.1653999999999
1581,188,2,2018-04-25,2018-04-25,,1,2,672.9830000000001
1582,240,1,2018-04-25,2018-04-25,,1,3,3347.9720999999995
1583,44,1,2018-04-25,2018-04-25,,2,6,967.4745
1584,109,2,2018-04-26,2018-04-26,,1,3,13293.9284
1585,157,1,2018-04-26,2018-04-26,,1,3,11444.936399999999
1586,176,1,2018-04-26,2018-04-26,,1,2,4443.7462000000005
1587,231,2,2018-04-26,2018-04-26,,1,2,9802.934399999998
1588,11,1,2018-04-26,2018-04-26,,2,6,390.5814
1589,40,2,2018-04-27,2018-04-27,,1,3,6355.955
1590,138,1,2018-04-27,2018-04-27,,1,3,6710.964099999999
1591,165,2,2018-04-27,2018-04-27,,1,2,6357.9223999999995
1592,6,2,2018-04-27,2018-04-27,,2,7,17181.0451
1593,9,1,2018-04-27,2018-04-27,,2,6,18523.1786
1594,45,1,2018-04-28,2018-04-28,,2,7,1205.973
1595,71,2,2018-04-28,2018-04-28,,2,7,303.992
1596,21,2,2018-04-28,2018-04-28,,3,8,736.5905
1597,56,1,2018-04-28,2018-04-28,,3,9,5393.981399999999
1598,239,2,2018-04-29,2018-04-29,,1,3,7141.965399999999
1599,49,1,2018-04-29,2018-04-29,,2,7,771.1840000000001
1600,90,1,2018-04-29,2018-04-29,,2,6,5470.3735
1601,43,1,2018-04-29,2018-04-29,,3,8,10937.3378
1602,55,1,2018-04-30,2018-04-30,,2,6,3223.6367
1603,74,2,2018-04-30,2018-04-30,,2,6,436.981
1604,7,3,2018-06-17,2018-06-17,,2,7,188.991
1605,123,3,2018-07-01,2018-07-01,,3,8,8597.9467
1606,119,3,2018-07-10,2018-07-10,,3,8,782.982
1607,33,3,2018-07-11,2018-07-11,,1,2,949.9905
1608,53,3,2018-07-12,2018-07-12,,1,2,1006.981
1609,10,3,2018-08-23,2018-08-23,,2,7,2483.15
1610,15,3,2018-08-25,2018-08-25,,2,7,5894.6647
1611,6,3,2018-09-06,2018-09-06,,2,7,8963.9647
1612,3,3,2018-10-21,2018-10-21,,1,3,3781.1284
1613,1,3,2018-11-18,2018-11-18,,2,6,5257.971699999999
1614,135,3,2018-11-28,2018-11-28,,3,8,6536.019399999999
1615,136,3,2018-12-28,2018-12-28,,3,8,13033.9334
